pair_id,event_id,city_id,region,split,year,t0,t1,delta_t_hours,delta_t_days,delta_t_bucket,eligibility,forcing_status,forecast_status,forecast_source,forecast_coverage_fraction,forecast_lead_min,forecast_lead_max,source_resolution,regridding_method,hydrology_status,label_valid_fraction,unknown_fraction
evt:2015-07-11|dhaka_ne|ENSEMBLE_FLOOD_20150716T120417_VV_AS020M_E039N021T3|ENSEMBLE_FLOOD_20150809T120418_VV_AS020M_E039N021T3,evt:2015-07-11,dhaka_ne,dhaka_ne,train,2015,2015-07-16T12:04:17Z,2015-08-09T12:04:18Z,576.0002777777778,24.000011574074076,21+ days,STATE_ONLY,STATE_ONLY,UNAVAILABLE,,0.0,,,,none (no NWP field),MODELLED_STATE,0.740966796875,0.259033203125
evt:2015-07-11|dhaka_nw|ENSEMBLE_FLOOD_20150716T120417_VV_AS020M_E039N021T3|ENSEMBLE_FLOOD_20150809T120418_VV_AS020M_E039N021T3,evt:2015-07-11,dhaka_nw,dhaka_nw,train,2015,2015-07-16T12:04:17Z,2015-08-09T12:04:18Z,576.0002777777778,24.000011574074076,21+ days,STATE_ONLY,STATE_ONLY,UNAVAILABLE,,0.0,,,,none (no NWP field),MODELLED_STATE,0.94775390625,0.05224609375
evt:2015-07-11|kishoreganj|ENSEMBLE_FLOOD_20150711T115614_VV_AS020M_E039N021T3|ENSEMBLE_FLOOD_20150716T120417_VV_AS020M_E039N021T3,evt:2015-07-11,kishoreganj,kishoreganj,train,2015,2015-07-11T11:56:14Z,2015-07-16T12:04:17Z,120.13416666666667,5.005590277777778,4-7 days,STATE_ONLY,STATE_ONLY,UNAVAILABLE,,0.0,,,,none (no NWP field),MODELLED_STATE,0.267333984375,0.732666015625
evt:2015-07-11|kishoreganj|ENSEMBLE_FLOOD_20150716T120417_VV_AS020M_E039N021T3|ENSEMBLE_FLOOD_20150809T120418_VV_AS020M_E039N021T3,evt:2015-07-11,kishoreganj,kishoreganj,train,2015,2015-07-16T12:04:17Z,2015-08-09T12:04:18Z,576.0002777777778,24.000011574074076,21+ days,STATE_ONLY,STATE_ONLY,UNAVAILABLE,,0.0,,,,none (no NWP field),MODELLED_STATE,1.0,0.0
evt:2015-07-11|netrokona|ENSEMBLE_FLOOD_20150711T115614_VV_AS020M_E039N021T3|ENSEMBLE_FLOOD_20150716T120417_VV_AS020M_E039N021T3,evt:2015-07-11,netrokona,netrokona,train,2015,2015-07-11T11:56:14Z,2015-07-16T12:04:17Z,120.13416666666667,5.005590277777778,4-7 days,STATE_ONLY,STATE_ONLY,UNAVAILABLE,,0.0,,,,none (no NWP field),MODELLED_STATE,0.42919921875,0.57080078125
evt:2015-07-11|netrokona|ENSEMBLE_FLOOD_20150716T120417_VV_AS020M_E039N021T3|ENSEMBLE_FLOOD_20150809T120418_VV_AS020M_E039N021T3,evt:2015-07-11,netrokona,netrokona,train,2015,2015-07-16T12:04:17Z,2015-08-09T12:04:18Z,576.0002777777778,24.000011574074076,21+ days,STATE_ONLY,STATE_ONLY,UNAVAILABLE,,0.0,,,,none (no NWP field),MODELLED_STATE,1.0,0.0
evt:2015-07-11|sunamganj|ENSEMBLE_FLOOD_20150711T115614_VV_AS020M_E039N021T3|ENSEMBLE_FLOOD_20150716T120417_VV_AS020M_E039N021T3,evt:2015-07-11,sunamganj,sunamganj,train,2015,2015-07-11T11:56:14Z,2015-07-16T12:04:17Z,120.13416666666667,5.005590277777778,4-7 days,STATE_ONLY,STATE_ONLY,UNAVAILABLE,,0.0,,,,none (no NWP field),MODELLED_STATE,0.68115234375,0.31884765625
evt:2015-07-11|sunamganj|ENSEMBLE_FLOOD_20150716T120417_VV_AS020M_E039N021T3|ENSEMBLE_FLOOD_20150809T120418_VV_AS020M_E039N021T3,evt:2015-07-11,sunamganj,sunamganj,train,2015,2015-07-16T12:04:17Z,2015-08-09T12:04:18Z,576.0002777777778,24.000011574074076,21+ days,STATE_ONLY,STATE_ONLY,UNAVAILABLE,,0.0,,,,none (no NWP field),MODELLED_STATE,0.68115234375,0.31884765625
evt:2016-06-30|dhaka_sw|ENSEMBLE_FLOOD_20160630T235553_VV_AS020M_E039N021T3|ENSEMBLE_FLOOD_20160724T235554_VV_AS020M_E039N021T3,evt:2016-06-30,dhaka_sw,dhaka_sw,train,2016,2016-06-30T23:55:53Z,2016-07-24T23:55:54Z,576.0002777777778,24.000011574074076,21+ days,PARTIAL_CAUSAL,PARTIAL_CAUSAL,FORECAST_VINTAGE,weatherbench2-hres-ifs,0.3968804159445407,12.0,240.0,1.5° (240×121 equiangular with poles),nearest-neighbor point sample at proxy lat/lon; no 20 m downscale,MODELLED_STATE,0.11328125,0.88671875
evt:2016-06-30|dhaka_sw|ENSEMBLE_FLOOD_20160724T235554_VV_AS020M_E039N021T3|ENSEMBLE_FLOOD_20160817T235556_VV_AS020M_E039N021T3,evt:2016-06-30,dhaka_sw,dhaka_sw,train,2016,2016-07-24T23:55:54Z,2016-08-17T23:55:56Z,576.0005555555556,24.00002314814815,21+ days,PARTIAL_CAUSAL,PARTIAL_CAUSAL,FORECAST_VINTAGE,weatherbench2-hres-ifs,0.3968804159445407,12.0,240.0,1.5° (240×121 equiangular with poles),nearest-neighbor point sample at proxy lat/lon; no 20 m downscale,MODELLED_STATE,0.11328125,0.88671875
evt:2017-04-12|dhaka_ne|ENSEMBLE_FLOOD_20170412T120427_VV_AS020M_E039N021T3|ENSEMBLE_FLOOD_20170424T120428_VV_AS020M_E039N021T3,evt:2017-04-12,dhaka_ne,dhaka_ne,train,2017,2017-04-12T12:04:27Z,2017-04-24T12:04:28Z,288.0002777777778,12.000011574074074,10-14 days,PARTIAL_CAUSAL,PARTIAL_CAUSAL,FORECAST_VINTAGE,weatherbench2-hres-ifs,0.7889273356401384,18.0,240.0,1.5° (240×121 equiangular with poles),nearest-neighbor point sample at proxy lat/lon; no 20 m downscale,MODELLED_STATE,0.1142578125,0.8857421875
evt:2017-04-12|dhaka_ne|ENSEMBLE_FLOOD_20170424T120428_VV_AS020M_E039N021T3|ENSEMBLE_FLOOD_20170506T120428_VV_AS020M_E039N021T3,evt:2017-04-12,dhaka_ne,dhaka_ne,train,2017,2017-04-24T12:04:28Z,2017-05-06T12:04:28Z,288.0,12.0,10-14 days,PARTIAL_CAUSAL,PARTIAL_CAUSAL,FORECAST_VINTAGE,weatherbench2-hres-ifs,0.7916666666666666,18.0,240.0,1.5° (240×121 equiangular with poles),nearest-neighbor point sample at proxy lat/lon; no 20 m downscale,MODELLED_STATE,0.113525390625,0.886474609375
evt:2017-04-12|dhaka_ne|ENSEMBLE_FLOOD_20170506T120428_VV_AS020M_E039N021T3|ENSEMBLE_FLOOD_20170518T120429_VV_AS020M_E039N021T3,evt:2017-04-12,dhaka_ne,dhaka_ne,train,2017,2017-05-06T12:04:28Z,2017-05-18T12:04:29Z,288.0002777777778,12.000011574074074,10-14 days,PARTIAL_CAUSAL,PARTIAL_CAUSAL,FORECAST_VINTAGE,weatherbench2-hres-ifs,0.7889273356401384,18.0,240.0,1.5° (240×121 equiangular with poles),nearest-neighbor point sample at proxy lat/lon; no 20 m downscale,MODELLED_STATE,0.113525390625,0.886474609375
evt:2017-04-12|dhaka_nw|ENSEMBLE_FLOOD_20170412T120427_VV_AS020M_E039N021T3|ENSEMBLE_FLOOD_20170424T120428_VV_AS020M_E039N021T3,evt:2017-04-12,dhaka_nw,dhaka_nw,train,2017,2017-04-12T12:04:27Z,2017-04-24T12:04:28Z,288.0002777777778,12.000011574074074,10-14 days,PARTIAL_CAUSAL,PARTIAL_CAUSAL,FORECAST_VINTAGE,weatherbench2-hres-ifs,0.7889273356401384,18.0,240.0,1.5° (240×121 equiangular with poles),nearest-neighbor point sample at proxy lat/lon; no 20 m downscale,MODELLED_STATE,0.327880859375,0.672119140625
evt:2017-04-12|dhaka_nw|ENSEMBLE_FLOOD_20170424T120428_VV_AS020M_E039N021T3|ENSEMBLE_FLOOD_20170506T120428_VV_AS020M_E039N021T3,evt:2017-04-12,dhaka_nw,dhaka_nw,train,2017,2017-04-24T12:04:28Z,2017-05-06T12:04:28Z,288.0,12.0,10-14 days,PARTIAL_CAUSAL,PARTIAL_CAUSAL,FORECAST_VINTAGE,weatherbench2-hres-ifs,0.7916666666666666,18.0,240.0,1.5° (240×121 equiangular with poles),nearest-neighbor point sample at proxy lat/lon; no 20 m downscale,MODELLED_STATE,0.3271484375,0.6728515625
evt:2017-04-12|dhaka_nw|ENSEMBLE_FLOOD_20170506T120428_VV_AS020M_E039N021T3|ENSEMBLE_FLOOD_20170518T120429_VV_AS020M_E039N021T3,evt:2017-04-12,dhaka_nw,dhaka_nw,train,2017,2017-05-06T12:04:28Z,2017-05-18T12:04:29Z,288.0002777777778,12.000011574074074,10-14 days,PARTIAL_CAUSAL,PARTIAL_CAUSAL,FORECAST_VINTAGE,weatherbench2-hres-ifs,0.7889273356401384,18.0,240.0,1.5° (240×121 equiangular with poles),nearest-neighbor point sample at proxy lat/lon; no 20 m downscale,MODELLED_STATE,0.3271484375,0.6728515625
evt:2017-04-12|dhaka_se|ENSEMBLE_FLOOD_20170414T235551_VV_AS020M_E039N021T3|ENSEMBLE_FLOOD_20170426T235551_VV_AS020M_E039N021T3,evt:2017-04-12,dhaka_se,dhaka_se,train,2017,2017-04-14T23:55:51Z,2017-04-26T23:55:51Z,288.0,12.0,10-14 days,PARTIAL_CAUSAL,PARTIAL_CAUSAL,FORECAST_VINTAGE,weatherbench2-hres-ifs,0.7951388888888888,12.0,240.0,1.5° (240×121 equiangular with poles),nearest-neighbor point sample at proxy lat/lon; no 20 m downscale,MODELLED_STATE,0.59765625,0.40234375
evt:2017-04-12|dhaka_se|ENSEMBLE_FLOOD_20170426T235551_VV_AS020M_E039N021T3|ENSEMBLE_FLOOD_20170508T235552_VV_AS020M_E039N021T3,evt:2017-04-12,dhaka_se,dhaka_se,train,2017,2017-04-26T23:55:51Z,2017-05-08T23:55:52Z,288.0002777777778,12.000011574074074,10-14 days,PARTIAL_CAUSAL,PARTIAL_CAUSAL,FORECAST_VINTAGE,weatherbench2-hres-ifs,0.7923875432525952,12.0,240.0,1.5° (240×121 equiangular with poles),nearest-neighbor point sample at proxy lat/lon; no 20 m downscale,MODELLED_STATE,0.59765625,0.40234375
evt:2017-04-12|dhaka_se|ENSEMBLE_FLOOD_20170508T235552_VV_AS020M_E039N021T3|ENSEMBLE_FLOOD_20170520T235553_VV_AS020M_E039N021T3,evt:2017-04-12,dhaka_se,dhaka_se,train,2017,2017-05-08T23:55:52Z,2017-05-20T23:55:53Z,288.0002777777778,12.000011574074074,10-14 days,PARTIAL_CAUSAL,PARTIAL_CAUSAL,FORECAST_VINTAGE,weatherbench2-hres-ifs,0.7923875432525952,12.0,240.0,1.5° (240×121 equiangular with poles),nearest-neighbor point sample at proxy lat/lon; no 20 m downscale,MODELLED_STATE,0.59765625,0.40234375
evt:2017-04-12|dhaka_sw|ENSEMBLE_FLOOD_20170414T235551_VV_AS020M_E039N021T3|ENSEMBLE_FLOOD_20170426T235551_VV_AS020M_E039N021T3,evt:2017-04-12,dhaka_sw,dhaka_sw,train,2017,2017-04-14T23:55:51Z,2017-04-26T23:55:51Z,288.0,12.0,10-14 days,PARTIAL_CAUSAL,PARTIAL_CAUSAL,FORECAST_VINTAGE,weatherbench2-hres-ifs,0.7951388888888888,12.0,240.0,1.5° (240×121 equiangular with poles),nearest-neighbor point sample at proxy lat/lon; no 20 m downscale,MODELLED_STATE,0.81689453125,0.18310546875
evt:2017-04-12|dhaka_sw|ENSEMBLE_FLOOD_20170426T235551_VV_AS020M_E039N021T3|ENSEMBLE_FLOOD_20170508T235552_VV_AS020M_E039N021T3,evt:2017-04-12,dhaka_sw,dhaka_sw,train,2017,2017-04-26T23:55:51Z,2017-05-08T23:55:52Z,288.0002777777778,12.000011574074074,10-14 days,PARTIAL_CAUSAL,PARTIAL_CAUSAL,FORECAST_VINTAGE,weatherbench2-hres-ifs,0.7923875432525952,12.0,240.0,1.5° (240×121 equiangular with poles),nearest-neighbor point sample at proxy lat/lon; no 20 m downscale,MODELLED_STATE,0.81689453125,0.18310546875
evt:2017-04-12|dhaka_sw|ENSEMBLE_FLOOD_20170508T235552_VV_AS020M_E039N021T3|ENSEMBLE_FLOOD_20170520T235553_VV_AS020M_E039N021T3,evt:2017-04-12,dhaka_sw,dhaka_sw,train,2017,2017-05-08T23:55:52Z,2017-05-20T23:55:53Z,288.0002777777778,12.000011574074074,10-14 days,PARTIAL_CAUSAL,PARTIAL_CAUSAL,FORECAST_VINTAGE,weatherbench2-hres-ifs,0.7923875432525952,12.0,240.0,1.5° (240×121 equiangular with poles),nearest-neighbor point sample at proxy lat/lon; no 20 m downscale,MODELLED_STATE,0.81689453125,0.18310546875
evt:2017-04-12|kishoreganj|ENSEMBLE_FLOOD_20170412T120427_VV_AS020M_E039N021T3|ENSEMBLE_FLOOD_20170424T120428_VV_AS020M_E039N021T3,evt:2017-04-12,kishoreganj,kishoreganj,train,2017,2017-04-12T12:04:27Z,2017-04-24T12:04:28Z,288.0002777777778,12.000011574074074,10-14 days,PARTIAL_CAUSAL,PARTIAL_CAUSAL,FORECAST_VINTAGE,weatherbench2-hres-ifs,0.7889273356401384,18.0,240.0,1.5° (240×121 equiangular with poles),nearest-neighbor point sample at proxy lat/lon; no 20 m downscale,MODELLED_STATE,1.0,0.0
evt:2017-04-12|kishoreganj|ENSEMBLE_FLOOD_20170424T120428_VV_AS020M_E039N021T3|ENSEMBLE_FLOOD_20170506T120428_VV_AS020M_E039N021T3,evt:2017-04-12,kishoreganj,kishoreganj,train,2017,2017-04-24T12:04:28Z,2017-05-06T12:04:28Z,288.0,12.0,10-14 days,PARTIAL_CAUSAL,PARTIAL_CAUSAL,FORECAST_VINTAGE,weatherbench2-hres-ifs,0.7916666666666666,18.0,240.0,1.5° (240×121 equiangular with poles),nearest-neighbor point sample at proxy lat/lon; no 20 m downscale,MODELLED_STATE,1.0,0.0
evt:2017-04-12|kishoreganj|ENSEMBLE_FLOOD_20170506T120428_VV_AS020M_E039N021T3|ENSEMBLE_FLOOD_20170518T120429_VV_AS020M_E039N021T3,evt:2017-04-12,kishoreganj,kishoreganj,train,2017,2017-05-06T12:04:28Z,2017-05-18T12:04:29Z,288.0002777777778,12.000011574074074,10-14 days,PARTIAL_CAUSAL,PARTIAL_CAUSAL,FORECAST_VINTAGE,weatherbench2-hres-ifs,0.7889273356401384,18.0,240.0,1.5° (240×121 equiangular with poles),nearest-neighbor point sample at proxy lat/lon; no 20 m downscale,MODELLED_STATE,1.0,0.0
evt:2017-04-12|netrokona|ENSEMBLE_FLOOD_20170412T120427_VV_AS020M_E039N021T3|ENSEMBLE_FLOOD_20170424T120428_VV_AS020M_E039N021T3,evt:2017-04-12,netrokona,netrokona,train,2017,2017-04-12T12:04:27Z,2017-04-24T12:04:28Z,288.0002777777778,12.000011574074074,10-14 days,PARTIAL_CAUSAL,PARTIAL_CAUSAL,FORECAST_VINTAGE,weatherbench2-hres-ifs,0.7889273356401384,18.0,240.0,1.5° (240×121 equiangular with poles),nearest-neighbor point sample at proxy lat/lon; no 20 m downscale,MODELLED_STATE,1.0,0.0
evt:2017-04-12|netrokona|ENSEMBLE_FLOOD_20170424T120428_VV_AS020M_E039N021T3|ENSEMBLE_FLOOD_20170506T120428_VV_AS020M_E039N021T3,evt:2017-04-12,netrokona,netrokona,train,2017,2017-04-24T12:04:28Z,2017-05-06T12:04:28Z,288.0,12.0,10-14 days,PARTIAL_CAUSAL,PARTIAL_CAUSAL,FORECAST_VINTAGE,weatherbench2-hres-ifs,0.7916666666666666,18.0,240.0,1.5° (240×121 equiangular with poles),nearest-neighbor point sample at proxy lat/lon; no 20 m downscale,MODELLED_STATE,1.0,0.0
evt:2017-04-12|netrokona|ENSEMBLE_FLOOD_20170506T120428_VV_AS020M_E039N021T3|ENSEMBLE_FLOOD_20170518T120429_VV_AS020M_E039N021T3,evt:2017-04-12,netrokona,netrokona,train,2017,2017-05-06T12:04:28Z,2017-05-18T12:04:29Z,288.0002777777778,12.000011574074074,10-14 days,PARTIAL_CAUSAL,PARTIAL_CAUSAL,FORECAST_VINTAGE,weatherbench2-hres-ifs,0.7889273356401384,18.0,240.0,1.5° (240×121 equiangular with poles),nearest-neighbor point sample at proxy lat/lon; no 20 m downscale,MODELLED_STATE,1.0,0.0
evt:2017-04-12|sunamganj|ENSEMBLE_FLOOD_20170412T120427_VV_AS020M_E039N021T3|ENSEMBLE_FLOOD_20170424T120428_VV_AS020M_E039N021T3,evt:2017-04-12,sunamganj,sunamganj,train,2017,2017-04-12T12:04:27Z,2017-04-24T12:04:28Z,288.0002777777778,12.000011574074074,10-14 days,PARTIAL_CAUSAL,PARTIAL_CAUSAL,FORECAST_VINTAGE,weatherbench2-hres-ifs,0.7889273356401384,18.0,240.0,1.5° (240×121 equiangular with poles),nearest-neighbor point sample at proxy lat/lon; no 20 m downscale,MODELLED_STATE,0.676513671875,0.323486328125
evt:2017-04-12|sunamganj|ENSEMBLE_FLOOD_20170424T120428_VV_AS020M_E039N021T3|ENSEMBLE_FLOOD_20170506T120428_VV_AS020M_E039N021T3,evt:2017-04-12,sunamganj,sunamganj,train,2017,2017-04-24T12:04:28Z,2017-05-06T12:04:28Z,288.0,12.0,10-14 days,PARTIAL_CAUSAL,PARTIAL_CAUSAL,FORECAST_VINTAGE,weatherbench2-hres-ifs,0.7916666666666666,18.0,240.0,1.5° (240×121 equiangular with poles),nearest-neighbor point sample at proxy lat/lon; no 20 m downscale,MODELLED_STATE,0.6796875,0.3203125
evt:2017-04-12|sunamganj|ENSEMBLE_FLOOD_20170506T120428_VV_AS020M_E039N021T3|ENSEMBLE_FLOOD_20170518T120429_VV_AS020M_E039N021T3,evt:2017-04-12,sunamganj,sunamganj,train,2017,2017-05-06T12:04:28Z,2017-05-18T12:04:29Z,288.0002777777778,12.000011574074074,10-14 days,PARTIAL_CAUSAL,PARTIAL_CAUSAL,FORECAST_VINTAGE,weatherbench2-hres-ifs,0.7889273356401384,18.0,240.0,1.5° (240×121 equiangular with poles),nearest-neighbor point sample at proxy lat/lon; no 20 m downscale,MODELLED_STATE,0.679931640625,0.320068359375
evt:2017-07-31|dhaka_ne|ENSEMBLE_FLOOD_20170810T120434_VV_AS020M_E039N021T3|ENSEMBLE_FLOOD_20170822T120434_VV_AS020M_E039N021T3,evt:2017-07-31,dhaka_ne,dhaka_ne,train,2017,2017-08-10T12:04:34Z,2017-08-22T12:04:34Z,288.0,12.0,10-14 days,PARTIAL_CAUSAL,PARTIAL_CAUSAL,FORECAST_VINTAGE,weatherbench2-hres-ifs,0.7916666666666666,18.0,240.0,1.5° (240×121 equiangular with poles),nearest-neighbor point sample at proxy lat/lon; no 20 m downscale,MODELLED_STATE,0.1142578125,0.8857421875
evt:2017-07-31|dhaka_nw|ENSEMBLE_FLOOD_20170810T120434_VV_AS020M_E039N021T3|ENSEMBLE_FLOOD_20170822T120434_VV_AS020M_E039N021T3,evt:2017-07-31,dhaka_nw,dhaka_nw,train,2017,2017-08-10T12:04:34Z,2017-08-22T12:04:34Z,288.0,12.0,10-14 days,PARTIAL_CAUSAL,PARTIAL_CAUSAL,FORECAST_VINTAGE,weatherbench2-hres-ifs,0.7916666666666666,18.0,240.0,1.5° (240×121 equiangular with poles),nearest-neighbor point sample at proxy lat/lon; no 20 m downscale,MODELLED_STATE,0.327880859375,0.672119140625
evt:2017-07-31|dhaka_se|ENSEMBLE_FLOOD_20170731T235557_VV_AS020M_E039N021T3|ENSEMBLE_FLOOD_20170812T235557_VV_AS020M_E039N021T3,evt:2017-07-31,dhaka_se,dhaka_se,train,2017,2017-07-31T23:55:57Z,2017-08-12T23:55:57Z,288.0,12.0,10-14 days,PARTIAL_CAUSAL,PARTIAL_CAUSAL,FORECAST_VINTAGE,weatherbench2-hres-ifs,0.7951388888888888,12.0,240.0,1.5° (240×121 equiangular with poles),nearest-neighbor point sample at proxy lat/lon; no 20 m downscale,MODELLED_STATE,0.5654296875,0.4345703125
evt:2017-07-31|dhaka_se|ENSEMBLE_FLOOD_20170812T235557_VV_AS020M_E039N021T3|ENSEMBLE_FLOOD_20170824T235558_VV_AS020M_E039N021T3,evt:2017-07-31,dhaka_se,dhaka_se,train,2017,2017-08-12T23:55:57Z,2017-08-24T23:55:58Z,288.0002777777778,12.000011574074074,10-14 days,PARTIAL_CAUSAL,PARTIAL_CAUSAL,FORECAST_VINTAGE,weatherbench2-hres-ifs,0.7923875432525952,12.0,240.0,1.5° (240×121 equiangular with poles),nearest-neighbor point sample at proxy lat/lon; no 20 m downscale,MODELLED_STATE,0.597412109375,0.402587890625
evt:2017-07-31|dhaka_sw|ENSEMBLE_FLOOD_20170731T235557_VV_AS020M_E039N021T3|ENSEMBLE_FLOOD_20170812T235557_VV_AS020M_E039N021T3,evt:2017-07-31,dhaka_sw,dhaka_sw,train,2017,2017-07-31T23:55:57Z,2017-08-12T23:55:57Z,288.0,12.0,10-14 days,PARTIAL_CAUSAL,PARTIAL_CAUSAL,FORECAST_VINTAGE,weatherbench2-hres-ifs,0.7951388888888888,12.0,240.0,1.5° (240×121 equiangular with poles),nearest-neighbor point sample at proxy lat/lon; no 20 m downscale,MODELLED_STATE,0.703857421875,0.296142578125
evt:2017-07-31|dhaka_sw|ENSEMBLE_FLOOD_20170812T235557_VV_AS020M_E039N021T3|ENSEMBLE_FLOOD_20170824T235558_VV_AS020M_E039N021T3,evt:2017-07-31,dhaka_sw,dhaka_sw,train,2017,2017-08-12T23:55:57Z,2017-08-24T23:55:58Z,288.0002777777778,12.000011574074074,10-14 days,PARTIAL_CAUSAL,PARTIAL_CAUSAL,FORECAST_VINTAGE,weatherbench2-hres-ifs,0.7923875432525952,12.0,240.0,1.5° (240×121 equiangular with poles),nearest-neighbor point sample at proxy lat/lon; no 20 m downscale,MODELLED_STATE,0.81640625,0.18359375
evt:2017-07-31|kishoreganj|ENSEMBLE_FLOOD_20170810T120434_VV_AS020M_E039N021T3|ENSEMBLE_FLOOD_20170822T120434_VV_AS020M_E039N021T3,evt:2017-07-31,kishoreganj,kishoreganj,train,2017,2017-08-10T12:04:34Z,2017-08-22T12:04:34Z,288.0,12.0,10-14 days,PARTIAL_CAUSAL,PARTIAL_CAUSAL,FORECAST_VINTAGE,weatherbench2-hres-ifs,0.7916666666666666,18.0,240.0,1.5° (240×121 equiangular with poles),nearest-neighbor point sample at proxy lat/lon; no 20 m downscale,MODELLED_STATE,1.0,0.0
evt:2017-07-31|netrokona|ENSEMBLE_FLOOD_20170810T120434_VV_AS020M_E039N021T3|ENSEMBLE_FLOOD_20170822T120434_VV_AS020M_E039N021T3,evt:2017-07-31,netrokona,netrokona,train,2017,2017-08-10T12:04:34Z,2017-08-22T12:04:34Z,288.0,12.0,10-14 days,PARTIAL_CAUSAL,PARTIAL_CAUSAL,FORECAST_VINTAGE,weatherbench2-hres-ifs,0.7916666666666666,18.0,240.0,1.5° (240×121 equiangular with poles),nearest-neighbor point sample at proxy lat/lon; no 20 m downscale,MODELLED_STATE,1.0,0.0
evt:2017-07-31|sunamganj|ENSEMBLE_FLOOD_20170810T120434_VV_AS020M_E039N021T3|ENSEMBLE_FLOOD_20170822T120434_VV_AS020M_E039N021T3,evt:2017-07-31,sunamganj,sunamganj,train,2017,2017-08-10T12:04:34Z,2017-08-22T12:04:34Z,288.0,12.0,10-14 days,PARTIAL_CAUSAL,PARTIAL_CAUSAL,FORECAST_VINTAGE,weatherbench2-hres-ifs,0.7916666666666666,18.0,240.0,1.5° (240×121 equiangular with poles),nearest-neighbor point sample at proxy lat/lon; no 20 m downscale,MODELLED_STATE,0.683837890625,0.316162109375
evt:2018-01-13|dhaka_ne|ENSEMBLE_FLOOD_20180113T120433_VV_AS020M_E039N021T3|ENSEMBLE_FLOOD_20180125T120433_VV_AS020M_E039N021T3,evt:2018-01-13,dhaka_ne,dhaka_ne,train,2018,2018-01-13T12:04:33Z,2018-01-25T12:04:33Z,288.0,12.0,10-14 days,PARTIAL_CAUSAL,PARTIAL_CAUSAL,FORECAST_VINTAGE,weatherbench2-hres-ifs,0.7916666666666666,18.0,240.0,1.5° (240×121 equiangular with poles),nearest-neighbor point sample at proxy lat/lon; no 20 m downscale,MODELLED_STATE,0.1142578125,0.8857421875
evt:2018-01-13|dhaka_nw|ENSEMBLE_FLOOD_20180113T120433_VV_AS020M_E039N021T3|ENSEMBLE_FLOOD_20180125T120433_VV_AS020M_E039N021T3,evt:2018-01-13,dhaka_nw,dhaka_nw,train,2018,2018-01-13T12:04:33Z,2018-01-25T12:04:33Z,288.0,12.0,10-14 days,PARTIAL_CAUSAL,PARTIAL_CAUSAL,FORECAST_VINTAGE,weatherbench2-hres-ifs,0.7916666666666666,18.0,240.0,1.5° (240×121 equiangular with poles),nearest-neighbor point sample at proxy lat/lon; no 20 m downscale,MODELLED_STATE,0.327880859375,0.672119140625
evt:2018-01-13|kishoreganj|ENSEMBLE_FLOOD_20180113T120433_VV_AS020M_E039N021T3|ENSEMBLE_FLOOD_20180125T120433_VV_AS020M_E039N021T3,evt:2018-01-13,kishoreganj,kishoreganj,train,2018,2018-01-13T12:04:33Z,2018-01-25T12:04:33Z,288.0,12.0,10-14 days,PARTIAL_CAUSAL,PARTIAL_CAUSAL,FORECAST_VINTAGE,weatherbench2-hres-ifs,0.7916666666666666,18.0,240.0,1.5° (240×121 equiangular with poles),nearest-neighbor point sample at proxy lat/lon; no 20 m downscale,MODELLED_STATE,1.0,0.0
evt:2018-01-13|netrokona|ENSEMBLE_FLOOD_20180113T120433_VV_AS020M_E039N021T3|ENSEMBLE_FLOOD_20180125T120433_VV_AS020M_E039N021T3,evt:2018-01-13,netrokona,netrokona,train,2018,2018-01-13T12:04:33Z,2018-01-25T12:04:33Z,288.0,12.0,10-14 days,PARTIAL_CAUSAL,PARTIAL_CAUSAL,FORECAST_VINTAGE,weatherbench2-hres-ifs,0.7916666666666666,18.0,240.0,1.5° (240×121 equiangular with poles),nearest-neighbor point sample at proxy lat/lon; no 20 m downscale,MODELLED_STATE,1.0,0.0
evt:2018-01-13|sunamganj|ENSEMBLE_FLOOD_20180113T120433_VV_AS020M_E039N021T3|ENSEMBLE_FLOOD_20180125T120433_VV_AS020M_E039N021T3,evt:2018-01-13,sunamganj,sunamganj,train,2018,2018-01-13T12:04:33Z,2018-01-25T12:04:33Z,288.0,12.0,10-14 days,PARTIAL_CAUSAL,PARTIAL_CAUSAL,FORECAST_VINTAGE,weatherbench2-hres-ifs,0.7916666666666666,18.0,240.0,1.5° (240×121 equiangular with poles),nearest-neighbor point sample at proxy lat/lon; no 20 m downscale,MODELLED_STATE,0.682373046875,0.317626953125
evt:2018-06-06|dhaka_ne|ENSEMBLE_FLOOD_20180606T120436_VV_AS020M_E039N021T3|ENSEMBLE_FLOOD_20180618T120437_VV_AS020M_E039N021T3,evt:2018-06-06,dhaka_ne,dhaka_ne,train,2018,2018-06-06T12:04:36Z,2018-06-18T12:04:37Z,288.0002777777778,12.000011574074074,10-14 days,PARTIAL_CAUSAL,PARTIAL_CAUSAL,FORECAST_VINTAGE,weatherbench2-hres-ifs,0.7889273356401384,18.0,240.0,1.5° (240×121 equiangular with poles),nearest-neighbor point sample at proxy lat/lon; no 20 m downscale,MODELLED_STATE,0.1142578125,0.8857421875
evt:2018-06-06|dhaka_nw|ENSEMBLE_FLOOD_20180606T120436_VV_AS020M_E039N021T3|ENSEMBLE_FLOOD_20180618T120437_VV_AS020M_E039N021T3,evt:2018-06-06,dhaka_nw,dhaka_nw,train,2018,2018-06-06T12:04:36Z,2018-06-18T12:04:37Z,288.0002777777778,12.000011574074074,10-14 days,PARTIAL_CAUSAL,PARTIAL_CAUSAL,FORECAST_VINTAGE,weatherbench2-hres-ifs,0.7889273356401384,18.0,240.0,1.5° (240×121 equiangular with poles),nearest-neighbor point sample at proxy lat/lon; no 20 m downscale,MODELLED_STATE,0.327880859375,0.672119140625
evt:2018-06-06|kishoreganj|ENSEMBLE_FLOOD_20180606T120436_VV_AS020M_E039N021T3|ENSEMBLE_FLOOD_20180618T120437_VV_AS020M_E039N021T3,evt:2018-06-06,kishoreganj,kishoreganj,train,2018,2018-06-06T12:04:36Z,2018-06-18T12:04:37Z,288.0002777777778,12.000011574074074,10-14 days,PARTIAL_CAUSAL,PARTIAL_CAUSAL,FORECAST_VINTAGE,weatherbench2-hres-ifs,0.7889273356401384,18.0,240.0,1.5° (240×121 equiangular with poles),nearest-neighbor point sample at proxy lat/lon; no 20 m downscale,MODELLED_STATE,1.0,0.0
evt:2018-06-06|netrokona|ENSEMBLE_FLOOD_20180606T120436_VV_AS020M_E039N021T3|ENSEMBLE_FLOOD_20180618T120437_VV_AS020M_E039N021T3,evt:2018-06-06,netrokona,netrokona,train,2018,2018-06-06T12:04:36Z,2018-06-18T12:04:37Z,288.0002777777778,12.000011574074074,10-14 days,PARTIAL_CAUSAL,PARTIAL_CAUSAL,FORECAST_VINTAGE,weatherbench2-hres-ifs,0.7889273356401384,18.0,240.0,1.5° (240×121 equiangular with poles),nearest-neighbor point sample at proxy lat/lon; no 20 m downscale,MODELLED_STATE,1.0,0.0
evt:2018-06-06|sunamganj|ENSEMBLE_FLOOD_20180606T120436_VV_AS020M_E039N021T3|ENSEMBLE_FLOOD_20180618T120437_VV_AS020M_E039N021T3,evt:2018-06-06,sunamganj,sunamganj,train,2018,2018-06-06T12:04:36Z,2018-06-18T12:04:37Z,288.0002777777778,12.000011574074074,10-14 days,PARTIAL_CAUSAL,PARTIAL_CAUSAL,FORECAST_VINTAGE,weatherbench2-hres-ifs,0.7889273356401384,18.0,240.0,1.5° (240×121 equiangular with poles),nearest-neighbor point sample at proxy lat/lon; no 20 m downscale,MODELLED_STATE,0.679931640625,0.320068359375
evt:2019-01-10|dhaka_ne|ENSEMBLE_FLOOD_20190120T120440_VV_AS020M_E039N021T3|ENSEMBLE_FLOOD_20190201T120440_VV_AS020M_E039N021T3,evt:2019-01-10,dhaka_ne,dhaka_ne,val,2019,2019-01-20T12:04:40Z,2019-02-01T12:04:40Z,288.0,12.0,10-14 days,PARTIAL_CAUSAL,PARTIAL_CAUSAL,FORECAST_VINTAGE,weatherbench2-hres-ifs,0.7916666666666666,18.0,240.0,1.5° (240×121 equiangular with poles),nearest-neighbor point sample at proxy lat/lon; no 20 m downscale,MODELLED_STATE,0.1142578125,0.8857421875
evt:2019-01-10|dhaka_nw|ENSEMBLE_FLOOD_20190120T120440_VV_AS020M_E039N021T3|ENSEMBLE_FLOOD_20190201T120440_VV_AS020M_E039N021T3,evt:2019-01-10,dhaka_nw,dhaka_nw,val,2019,2019-01-20T12:04:40Z,2019-02-01T12:04:40Z,288.0,12.0,10-14 days,PARTIAL_CAUSAL,PARTIAL_CAUSAL,FORECAST_VINTAGE,weatherbench2-hres-ifs,0.7916666666666666,18.0,240.0,1.5° (240×121 equiangular with poles),nearest-neighbor point sample at proxy lat/lon; no 20 m downscale,MODELLED_STATE,0.327880859375,0.672119140625
evt:2019-01-10|dhaka_se|ENSEMBLE_FLOOD_20190110T235604_VV_AS020M_E039N021T3|ENSEMBLE_FLOOD_20190122T235603_VV_AS020M_E039N021T3,evt:2019-01-10,dhaka_se,dhaka_se,val,2019,2019-01-10T23:56:04Z,2019-01-22T23:56:03Z,287.9997222222222,11.999988425925926,10-14 days,PARTIAL_CAUSAL,PARTIAL_CAUSAL,FORECAST_VINTAGE,weatherbench2-hres-ifs,0.7951388888888888,12.0,240.0,1.5° (240×121 equiangular with poles),nearest-neighbor point sample at proxy lat/lon; no 20 m downscale,MODELLED_STATE,0.598388671875,0.401611328125
evt:2019-01-10|dhaka_se|ENSEMBLE_FLOOD_20190122T235603_VV_AS020M_E039N021T3|ENSEMBLE_FLOOD_20190203T235603_VV_AS020M_E039N021T3,evt:2019-01-10,dhaka_se,dhaka_se,val,2019,2019-01-22T23:56:03Z,2019-02-03T23:56:03Z,288.0,12.0,10-14 days,PARTIAL_CAUSAL,PARTIAL_CAUSAL,FORECAST_VINTAGE,weatherbench2-hres-ifs,0.7951388888888888,12.0,240.0,1.5° (240×121 equiangular with poles),nearest-neighbor point sample at proxy lat/lon; no 20 m downscale,MODELLED_STATE,0.598388671875,0.401611328125
evt:2019-01-10|dhaka_sw|ENSEMBLE_FLOOD_20190110T235604_VV_AS020M_E039N021T3|ENSEMBLE_FLOOD_20190122T235603_VV_AS020M_E039N021T3,evt:2019-01-10,dhaka_sw,dhaka_sw,val,2019,2019-01-10T23:56:04Z,2019-01-22T23:56:03Z,287.9997222222222,11.999988425925926,10-14 days,PARTIAL_CAUSAL,PARTIAL_CAUSAL,FORECAST_VINTAGE,weatherbench2-hres-ifs,0.7951388888888888,12.0,240.0,1.5° (240×121 equiangular with poles),nearest-neighbor point sample at proxy lat/lon; no 20 m downscale,MODELLED_STATE,0.8173828125,0.1826171875
evt:2019-01-10|dhaka_sw|ENSEMBLE_FLOOD_20190122T235603_VV_AS020M_E039N021T3|ENSEMBLE_FLOOD_20190203T235603_VV_AS020M_E039N021T3,evt:2019-01-10,dhaka_sw,dhaka_sw,val,2019,2019-01-22T23:56:03Z,2019-02-03T23:56:03Z,288.0,12.0,10-14 days,PARTIAL_CAUSAL,PARTIAL_CAUSAL,FORECAST_VINTAGE,weatherbench2-hres-ifs,0.7951388888888888,12.0,240.0,1.5° (240×121 equiangular with poles),nearest-neighbor point sample at proxy lat/lon; no 20 m downscale,MODELLED_STATE,0.817138671875,0.182861328125
evt:2019-01-10|kishoreganj|ENSEMBLE_FLOOD_20190120T120440_VV_AS020M_E039N021T3|ENSEMBLE_FLOOD_20190201T120440_VV_AS020M_E039N021T3,evt:2019-01-10,kishoreganj,kishoreganj,val,2019,2019-01-20T12:04:40Z,2019-02-01T12:04:40Z,288.0,12.0,10-14 days,PARTIAL_CAUSAL,PARTIAL_CAUSAL,FORECAST_VINTAGE,weatherbench2-hres-ifs,0.7916666666666666,18.0,240.0,1.5° (240×121 equiangular with poles),nearest-neighbor point sample at proxy lat/lon; no 20 m downscale,MODELLED_STATE,1.0,0.0
evt:2019-01-10|netrokona|ENSEMBLE_FLOOD_20190120T120440_VV_AS020M_E039N021T3|ENSEMBLE_FLOOD_20190201T120440_VV_AS020M_E039N021T3,evt:2019-01-10,netrokona,netrokona,val,2019,2019-01-20T12:04:40Z,2019-02-01T12:04:40Z,288.0,12.0,10-14 days,PARTIAL_CAUSAL,PARTIAL_CAUSAL,FORECAST_VINTAGE,weatherbench2-hres-ifs,0.7916666666666666,18.0,240.0,1.5° (240×121 equiangular with poles),nearest-neighbor point sample at proxy lat/lon; no 20 m downscale,MODELLED_STATE,1.0,0.0
evt:2019-01-10|sunamganj|ENSEMBLE_FLOOD_20190120T120440_VV_AS020M_E039N021T3|ENSEMBLE_FLOOD_20190201T120440_VV_AS020M_E039N021T3,evt:2019-01-10,sunamganj,sunamganj,val,2019,2019-01-20T12:04:40Z,2019-02-01T12:04:40Z,288.0,12.0,10-14 days,PARTIAL_CAUSAL,PARTIAL_CAUSAL,FORECAST_VINTAGE,weatherbench2-hres-ifs,0.7916666666666666,18.0,240.0,1.5° (240×121 equiangular with poles),nearest-neighbor point sample at proxy lat/lon; no 20 m downscale,MODELLED_STATE,0.6796875,0.3203125
evt:2019-06-15|dhaka_se|ENSEMBLE_FLOOD_20190615T235606_VV_AS020M_E039N021T3|ENSEMBLE_FLOOD_20190627T235607_VV_AS020M_E039N021T3,evt:2019-06-15,dhaka_se,dhaka_se,val,2019,2019-06-15T23:56:06Z,2019-06-27T23:56:07Z,288.0002777777778,12.000011574074074,10-14 days,PARTIAL_CAUSAL,PARTIAL_CAUSAL,FORECAST_VINTAGE,weatherbench2-hres-ifs,0.7923875432525952,12.0,240.0,1.5° (240×121 equiangular with poles),nearest-neighbor point sample at proxy lat/lon; no 20 m downscale,MODELLED_STATE,0.59765625,0.40234375
evt:2019-06-15|dhaka_se|ENSEMBLE_FLOOD_20190627T235607_VV_AS020M_E039N021T3|ENSEMBLE_FLOOD_20190709T235608_VV_AS020M_E039N021T3,evt:2019-06-15,dhaka_se,dhaka_se,val,2019,2019-06-27T23:56:07Z,2019-07-09T23:56:08Z,288.0002777777778,12.000011574074074,10-14 days,PARTIAL_CAUSAL,PARTIAL_CAUSAL,FORECAST_VINTAGE,weatherbench2-hres-ifs,0.7923875432525952,12.0,240.0,1.5° (240×121 equiangular with poles),nearest-neighbor point sample at proxy lat/lon; no 20 m downscale,MODELLED_STATE,0.59765625,0.40234375
evt:2019-06-15|dhaka_se|ENSEMBLE_FLOOD_20190709T235608_VV_AS020M_E039N021T3|ENSEMBLE_FLOOD_20190721T235609_VV_AS020M_E039N021T3,evt:2019-06-15,dhaka_se,dhaka_se,val,2019,2019-07-09T23:56:08Z,2019-07-21T23:56:09Z,288.0002777777778,12.000011574074074,10-14 days,PARTIAL_CAUSAL,PARTIAL_CAUSAL,FORECAST_VINTAGE,weatherbench2-hres-ifs,0.7923875432525952,12.0,240.0,1.5° (240×121 equiangular with poles),nearest-neighbor point sample at proxy lat/lon; no 20 m downscale,MODELLED_STATE,0.59765625,0.40234375
evt:2019-06-15|dhaka_se|ENSEMBLE_FLOOD_20190721T235609_VV_AS020M_E039N021T3|ENSEMBLE_FLOOD_20190725T120356_VV_AS020M_E039N021T3,evt:2019-06-15,dhaka_se,dhaka_se,val,2019,2019-07-21T23:56:09Z,2019-07-25T12:03:56Z,84.12972222222223,3.505405092592593,2-4 days,FULL_CAUSAL,FULL_CAUSAL,FORECAST_VINTAGE,weatherbench2-hres-ifs,1.0,12.0,96.0,1.5° (240×121 equiangular with poles),nearest-neighbor point sample at proxy lat/lon; no 20 m downscale,MODELLED_STATE,0.048583984375,0.951416015625
evt:2019-06-15|dhaka_se|ENSEMBLE_FLOOD_20190725T120356_VV_AS020M_E039N021T3|ENSEMBLE_FLOOD_20190802T235609_VV_AS020M_E039N021T3,evt:2019-06-15,dhaka_se,dhaka_se,val,2019,2019-07-25T12:03:56Z,2019-08-02T23:56:09Z,203.87027777777777,8.494594907407407,7-10 days,PARTIAL_CAUSAL,PARTIAL_CAUSAL,FORECAST_VINTAGE,weatherbench2-hres-ifs,0.9705882352941176,18.0,210.0,1.5° (240×121 equiangular with poles),nearest-neighbor point sample at proxy lat/lon; no 20 m downscale,MODELLED_STATE,0.048583984375,0.951416015625
evt:2019-06-15|dhaka_sw|ENSEMBLE_FLOOD_20190615T235606_VV_AS020M_E039N021T3|ENSEMBLE_FLOOD_20190627T235607_VV_AS020M_E039N021T3,evt:2019-06-15,dhaka_sw,dhaka_sw,val,2019,2019-06-15T23:56:06Z,2019-06-27T23:56:07Z,288.0002777777778,12.000011574074074,10-14 days,PARTIAL_CAUSAL,PARTIAL_CAUSAL,FORECAST_VINTAGE,weatherbench2-hres-ifs,0.7923875432525952,12.0,240.0,1.5° (240×121 equiangular with poles),nearest-neighbor point sample at proxy lat/lon; no 20 m downscale,MODELLED_STATE,0.81689453125,0.18310546875
evt:2019-06-15|dhaka_sw|ENSEMBLE_FLOOD_20190627T235607_VV_AS020M_E039N021T3|ENSEMBLE_FLOOD_20190709T235608_VV_AS020M_E039N021T3,evt:2019-06-15,dhaka_sw,dhaka_sw,val,2019,2019-06-27T23:56:07Z,2019-07-09T23:56:08Z,288.0002777777778,12.000011574074074,10-14 days,PARTIAL_CAUSAL,PARTIAL_CAUSAL,FORECAST_VINTAGE,weatherbench2-hres-ifs,0.7923875432525952,12.0,240.0,1.5° (240×121 equiangular with poles),nearest-neighbor point sample at proxy lat/lon; no 20 m downscale,MODELLED_STATE,0.81689453125,0.18310546875
evt:2019-06-15|dhaka_sw|ENSEMBLE_FLOOD_20190709T235608_VV_AS020M_E039N021T3|ENSEMBLE_FLOOD_20190721T235609_VV_AS020M_E039N021T3,evt:2019-06-15,dhaka_sw,dhaka_sw,val,2019,2019-07-09T23:56:08Z,2019-07-21T23:56:09Z,288.0002777777778,12.000011574074074,10-14 days,PARTIAL_CAUSAL,PARTIAL_CAUSAL,FORECAST_VINTAGE,weatherbench2-hres-ifs,0.7923875432525952,12.0,240.0,1.5° (240×121 equiangular with poles),nearest-neighbor point sample at proxy lat/lon; no 20 m downscale,MODELLED_STATE,0.81689453125,0.18310546875
evt:2019-06-15|dhaka_sw|ENSEMBLE_FLOOD_20190721T235609_VV_AS020M_E039N021T3|ENSEMBLE_FLOOD_20190725T120356_VV_AS020M_E039N021T3,evt:2019-06-15,dhaka_sw,dhaka_sw,val,2019,2019-07-21T23:56:09Z,2019-07-25T12:03:56Z,84.12972222222223,3.505405092592593,2-4 days,FULL_CAUSAL,FULL_CAUSAL,FORECAST_VINTAGE,weatherbench2-hres-ifs,1.0,12.0,96.0,1.5° (240×121 equiangular with poles),nearest-neighbor point sample at proxy lat/lon; no 20 m downscale,MODELLED_STATE,0.430419921875,0.569580078125
evt:2019-06-15|dhaka_sw|ENSEMBLE_FLOOD_20190725T120356_VV_AS020M_E039N021T3|ENSEMBLE_FLOOD_20190802T235609_VV_AS020M_E039N021T3,evt:2019-06-15,dhaka_sw,dhaka_sw,val,2019,2019-07-25T12:03:56Z,2019-08-02T23:56:09Z,203.87027777777777,8.494594907407407,7-10 days,PARTIAL_CAUSAL,PARTIAL_CAUSAL,FORECAST_VINTAGE,weatherbench2-hres-ifs,0.9705882352941176,18.0,210.0,1.5° (240×121 equiangular with poles),nearest-neighbor point sample at proxy lat/lon; no 20 m downscale,MODELLED_STATE,0.429443359375,0.570556640625
evt:2020-01-15|dhaka_ne|ENSEMBLE_FLOOD_20200115T120446_VV_AS020M_E039N021T3|ENSEMBLE_FLOOD_20200127T120446_VV_AS020M_E039N021T3,evt:2020-01-15,dhaka_ne,dhaka_ne,val,2020,2020-01-15T12:04:46Z,2020-01-27T12:04:46Z,288.0,12.0,10-14 days,PARTIAL_CAUSAL,PARTIAL_CAUSAL,FORECAST_VINTAGE,weatherbench2-hres-ifs,0.7916666666666666,18.0,240.0,1.5° (240×121 equiangular with poles),nearest-neighbor point sample at proxy lat/lon; no 20 m downscale,MODELLED_STATE,0.11376953125,0.88623046875
evt:2020-01-15|dhaka_nw|ENSEMBLE_FLOOD_20200115T120446_VV_AS020M_E039N021T3|ENSEMBLE_FLOOD_20200127T120446_VV_AS020M_E039N021T3,evt:2020-01-15,dhaka_nw,dhaka_nw,val,2020,2020-01-15T12:04:46Z,2020-01-27T12:04:46Z,288.0,12.0,10-14 days,PARTIAL_CAUSAL,PARTIAL_CAUSAL,FORECAST_VINTAGE,weatherbench2-hres-ifs,0.7916666666666666,18.0,240.0,1.5° (240×121 equiangular with poles),nearest-neighbor point sample at proxy lat/lon; no 20 m downscale,MODELLED_STATE,0.327392578125,0.672607421875
evt:2020-01-15|dhaka_se|ENSEMBLE_FLOOD_20200117T235610_VV_AS020M_E039N021T3|ENSEMBLE_FLOOD_20200129T235609_VV_AS020M_E039N021T3,evt:2020-01-15,dhaka_se,dhaka_se,val,2020,2020-01-17T23:56:10Z,2020-01-29T23:56:09Z,287.9997222222222,11.999988425925926,10-14 days,PARTIAL_CAUSAL,PARTIAL_CAUSAL,FORECAST_VINTAGE,weatherbench2-hres-ifs,0.7951388888888888,12.0,240.0,1.5° (240×121 equiangular with poles),nearest-neighbor point sample at proxy lat/lon; no 20 m downscale,MODELLED_STATE,0.5986328125,0.4013671875
evt:2020-01-15|dhaka_sw|ENSEMBLE_FLOOD_20200117T235610_VV_AS020M_E039N021T3|ENSEMBLE_FLOOD_20200129T235609_VV_AS020M_E039N021T3,evt:2020-01-15,dhaka_sw,dhaka_sw,val,2020,2020-01-17T23:56:10Z,2020-01-29T23:56:09Z,287.9997222222222,11.999988425925926,10-14 days,PARTIAL_CAUSAL,PARTIAL_CAUSAL,FORECAST_VINTAGE,weatherbench2-hres-ifs,0.7951388888888888,12.0,240.0,1.5° (240×121 equiangular with poles),nearest-neighbor point sample at proxy lat/lon; no 20 m downscale,MODELLED_STATE,0.81787109375,0.18212890625
evt:2020-01-15|kishoreganj|ENSEMBLE_FLOOD_20200115T120446_VV_AS020M_E039N021T3|ENSEMBLE_FLOOD_20200127T120446_VV_AS020M_E039N021T3,evt:2020-01-15,kishoreganj,kishoreganj,val,2020,2020-01-15T12:04:46Z,2020-01-27T12:04:46Z,288.0,12.0,10-14 days,PARTIAL_CAUSAL,PARTIAL_CAUSAL,FORECAST_VINTAGE,weatherbench2-hres-ifs,0.7916666666666666,18.0,240.0,1.5° (240×121 equiangular with poles),nearest-neighbor point sample at proxy lat/lon; no 20 m downscale,MODELLED_STATE,1.0,0.0
evt:2020-01-15|netrokona|ENSEMBLE_FLOOD_20200115T120446_VV_AS020M_E039N021T3|ENSEMBLE_FLOOD_20200127T120446_VV_AS020M_E039N021T3,evt:2020-01-15,netrokona,netrokona,val,2020,2020-01-15T12:04:46Z,2020-01-27T12:04:46Z,288.0,12.0,10-14 days,PARTIAL_CAUSAL,PARTIAL_CAUSAL,FORECAST_VINTAGE,weatherbench2-hres-ifs,0.7916666666666666,18.0,240.0,1.5° (240×121 equiangular with poles),nearest-neighbor point sample at proxy lat/lon; no 20 m downscale,MODELLED_STATE,1.0,0.0
evt:2020-01-15|sunamganj|ENSEMBLE_FLOOD_20200115T120446_VV_AS020M_E039N021T3|ENSEMBLE_FLOOD_20200127T120446_VV_AS020M_E039N021T3,evt:2020-01-15,sunamganj,sunamganj,val,2020,2020-01-15T12:04:46Z,2020-01-27T12:04:46Z,288.0,12.0,10-14 days,PARTIAL_CAUSAL,PARTIAL_CAUSAL,FORECAST_VINTAGE,weatherbench2-hres-ifs,0.7916666666666666,18.0,240.0,1.5° (240×121 equiangular with poles),nearest-neighbor point sample at proxy lat/lon; no 20 m downscale,MODELLED_STATE,0.67724609375,0.32275390625
evt:2020-06-07|dhaka_ne|ENSEMBLE_FLOOD_20200607T120449_VV_AS020M_E039N021T3|ENSEMBLE_FLOOD_20200619T120450_VV_AS020M_E039N021T3,evt:2020-06-07,dhaka_ne,dhaka_ne,val,2020,2020-06-07T12:04:49Z,2020-06-19T12:04:50Z,288.0002777777778,12.000011574074074,10-14 days,PARTIAL_CAUSAL,PARTIAL_CAUSAL,FORECAST_VINTAGE,weatherbench2-hres-ifs,0.7889273356401384,18.0,240.0,1.5° (240×121 equiangular with poles),nearest-neighbor point sample at proxy lat/lon; no 20 m downscale,MODELLED_STATE,0.1142578125,0.8857421875
evt:2020-06-07|dhaka_ne|ENSEMBLE_FLOOD_20200619T120450_VV_AS020M_E039N021T3|ENSEMBLE_FLOOD_20200806T120452_VV_AS020M_E039N021T3,evt:2020-06-07,dhaka_ne,dhaka_ne,val,2020,2020-06-19T12:04:50Z,2020-08-06T12:04:52Z,1152.0005555555556,48.00002314814815,21+ days,PARTIAL_CAUSAL,PARTIAL_CAUSAL,FORECAST_VINTAGE,weatherbench2-hres-ifs,0.19774501300954034,18.0,240.0,1.5° (240×121 equiangular with poles),nearest-neighbor point sample at proxy lat/lon; no 20 m downscale,MODELLED_STATE,0.1142578125,0.8857421875
evt:2020-06-07|dhaka_nw|ENSEMBLE_FLOOD_20200607T120449_VV_AS020M_E039N021T3|ENSEMBLE_FLOOD_20200619T120450_VV_AS020M_E039N021T3,evt:2020-06-07,dhaka_nw,dhaka_nw,val,2020,2020-06-07T12:04:49Z,2020-06-19T12:04:50Z,288.0002777777778,12.000011574074074,10-14 days,PARTIAL_CAUSAL,PARTIAL_CAUSAL,FORECAST_VINTAGE,weatherbench2-hres-ifs,0.7889273356401384,18.0,240.0,1.5° (240×121 equiangular with poles),nearest-neighbor point sample at proxy lat/lon; no 20 m downscale,MODELLED_STATE,0.327880859375,0.672119140625
evt:2020-06-07|dhaka_nw|ENSEMBLE_FLOOD_20200619T120450_VV_AS020M_E039N021T3|ENSEMBLE_FLOOD_20200806T120452_VV_AS020M_E039N021T3,evt:2020-06-07,dhaka_nw,dhaka_nw,val,2020,2020-06-19T12:04:50Z,2020-08-06T12:04:52Z,1152.0005555555556,48.00002314814815,21+ days,PARTIAL_CAUSAL,PARTIAL_CAUSAL,FORECAST_VINTAGE,weatherbench2-hres-ifs,0.19774501300954034,18.0,240.0,1.5° (240×121 equiangular with poles),nearest-neighbor point sample at proxy lat/lon; no 20 m downscale,MODELLED_STATE,0.32763671875,0.67236328125
evt:2020-06-07|dhaka_se|ENSEMBLE_FLOOD_20200609T235613_VV_AS020M_E039N021T3|ENSEMBLE_FLOOD_20200621T235614_VV_AS020M_E039N021T3,evt:2020-06-07,dhaka_se,dhaka_se,val,2020,2020-06-09T23:56:13Z,2020-06-21T23:56:14Z,288.0002777777778,12.000011574074074,10-14 days,PARTIAL_CAUSAL,PARTIAL_CAUSAL,FORECAST_VINTAGE,weatherbench2-hres-ifs,0.7923875432525952,12.0,240.0,1.5° (240×121 equiangular with poles),nearest-neighbor point sample at proxy lat/lon; no 20 m downscale,MODELLED_STATE,0.597412109375,0.402587890625
evt:2020-06-07|dhaka_se|ENSEMBLE_FLOOD_20200621T235614_VV_AS020M_E039N021T3|ENSEMBLE_FLOOD_20200715T235615_VV_AS020M_E039N021T3,evt:2020-06-07,dhaka_se,dhaka_se,val,2020,2020-06-21T23:56:14Z,2020-07-15T23:56:15Z,576.0002777777778,24.000011574074076,21+ days,PARTIAL_CAUSAL,PARTIAL_CAUSAL,FORECAST_VINTAGE,weatherbench2-hres-ifs,0.3968804159445407,12.0,240.0,1.5° (240×121 equiangular with poles),nearest-neighbor point sample at proxy lat/lon; no 20 m downscale,MODELLED_STATE,0.597412109375,0.402587890625
evt:2020-06-07|dhaka_se|ENSEMBLE_FLOOD_20200715T235615_VV_AS020M_E039N021T3|ENSEMBLE_FLOOD_20200808T235616_VV_AS020M_E039N021T3,evt:2020-06-07,dhaka_se,dhaka_se,val,2020,2020-07-15T23:56:15Z,2020-08-08T23:56:16Z,576.0002777777778,24.000011574074076,21+ days,PARTIAL_CAUSAL,PARTIAL_CAUSAL,FORECAST_VINTAGE,weatherbench2-hres-ifs,0.3968804159445407,12.0,240.0,1.5° (240×121 equiangular with poles),nearest-neighbor point sample at proxy lat/lon; no 20 m downscale,MODELLED_STATE,0.597412109375,0.402587890625
evt:2020-06-07|dhaka_sw|ENSEMBLE_FLOOD_20200609T235613_VV_AS020M_E039N021T3|ENSEMBLE_FLOOD_20200621T235614_VV_AS020M_E039N021T3,evt:2020-06-07,dhaka_sw,dhaka_sw,val,2020,2020-06-09T23:56:13Z,2020-06-21T23:56:14Z,288.0002777777778,12.000011574074074,10-14 days,PARTIAL_CAUSAL,PARTIAL_CAUSAL,FORECAST_VINTAGE,weatherbench2-hres-ifs,0.7923875432525952,12.0,240.0,1.5° (240×121 equiangular with poles),nearest-neighbor point sample at proxy lat/lon; no 20 m downscale,MODELLED_STATE,0.81640625,0.18359375
evt:2020-06-07|dhaka_sw|ENSEMBLE_FLOOD_20200621T235614_VV_AS020M_E039N021T3|ENSEMBLE_FLOOD_20200715T235615_VV_AS020M_E039N021T3,evt:2020-06-07,dhaka_sw,dhaka_sw,val,2020,2020-06-21T23:56:14Z,2020-07-15T23:56:15Z,576.0002777777778,24.000011574074076,21+ days,PARTIAL_CAUSAL,PARTIAL_CAUSAL,FORECAST_VINTAGE,weatherbench2-hres-ifs,0.3968804159445407,12.0,240.0,1.5° (240×121 equiangular with poles),nearest-neighbor point sample at proxy lat/lon; no 20 m downscale,MODELLED_STATE,0.81640625,0.18359375
evt:2020-06-07|dhaka_sw|ENSEMBLE_FLOOD_20200715T235615_VV_AS020M_E039N021T3|ENSEMBLE_FLOOD_20200808T235616_VV_AS020M_E039N021T3,evt:2020-06-07,dhaka_sw,dhaka_sw,val,2020,2020-07-15T23:56:15Z,2020-08-08T23:56:16Z,576.0002777777778,24.000011574074076,21+ days,PARTIAL_CAUSAL,PARTIAL_CAUSAL,FORECAST_VINTAGE,weatherbench2-hres-ifs,0.3968804159445407,12.0,240.0,1.5° (240×121 equiangular with poles),nearest-neighbor point sample at proxy lat/lon; no 20 m downscale,MODELLED_STATE,0.81640625,0.18359375
evt:2020-06-07|kishoreganj|ENSEMBLE_FLOOD_20200607T120449_VV_AS020M_E039N021T3|ENSEMBLE_FLOOD_20200619T120450_VV_AS020M_E039N021T3,evt:2020-06-07,kishoreganj,kishoreganj,val,2020,2020-06-07T12:04:49Z,2020-06-19T12:04:50Z,288.0002777777778,12.000011574074074,10-14 days,PARTIAL_CAUSAL,PARTIAL_CAUSAL,FORECAST_VINTAGE,weatherbench2-hres-ifs,0.7889273356401384,18.0,240.0,1.5° (240×121 equiangular with poles),nearest-neighbor point sample at proxy lat/lon; no 20 m downscale,MODELLED_STATE,1.0,0.0
evt:2020-06-07|kishoreganj|ENSEMBLE_FLOOD_20200619T120450_VV_AS020M_E039N021T3|ENSEMBLE_FLOOD_20200806T120452_VV_AS020M_E039N021T3,evt:2020-06-07,kishoreganj,kishoreganj,val,2020,2020-06-19T12:04:50Z,2020-08-06T12:04:52Z,1152.0005555555556,48.00002314814815,21+ days,PARTIAL_CAUSAL,PARTIAL_CAUSAL,FORECAST_VINTAGE,weatherbench2-hres-ifs,0.19774501300954034,18.0,240.0,1.5° (240×121 equiangular with poles),nearest-neighbor point sample at proxy lat/lon; no 20 m downscale,MODELLED_STATE,1.0,0.0
evt:2020-06-07|netrokona|ENSEMBLE_FLOOD_20200607T120449_VV_AS020M_E039N021T3|ENSEMBLE_FLOOD_20200619T120450_VV_AS020M_E039N021T3,evt:2020-06-07,netrokona,netrokona,val,2020,2020-06-07T12:04:49Z,2020-06-19T12:04:50Z,288.0002777777778,12.000011574074074,10-14 days,PARTIAL_CAUSAL,PARTIAL_CAUSAL,FORECAST_VINTAGE,weatherbench2-hres-ifs,0.7889273356401384,18.0,240.0,1.5° (240×121 equiangular with poles),nearest-neighbor point sample at proxy lat/lon; no 20 m downscale,MODELLED_STATE,1.0,0.0
evt:2020-06-07|netrokona|ENSEMBLE_FLOOD_20200619T120450_VV_AS020M_E039N021T3|ENSEMBLE_FLOOD_20200719T120423_VV_AS020M_E039N021T3,evt:2020-06-07,netrokona,netrokona,val,2020,2020-06-19T12:04:50Z,2020-07-19T12:04:23Z,719.9925,29.999687499999997,21+ days,PARTIAL_CAUSAL,PARTIAL_CAUSAL,FORECAST_VINTAGE,weatherbench2-hres-ifs,0.31666666666666665,18.0,240.0,1.5° (240×121 equiangular with poles),nearest-neighbor point sample at proxy lat/lon; no 20 m downscale,MODELLED_STATE,0.34326171875,0.65673828125
evt:2020-06-07|netrokona|ENSEMBLE_FLOOD_20200719T120423_VV_AS020M_E039N021T3|ENSEMBLE_FLOOD_20200806T120452_VV_AS020M_E039N021T3,evt:2020-06-07,netrokona,netrokona,val,2020,2020-07-19T12:04:23Z,2020-08-06T12:04:52Z,432.00805555555553,18.00033564814815,14-21 days,PARTIAL_CAUSAL,PARTIAL_CAUSAL,FORECAST_VINTAGE,weatherbench2-hres-ifs,0.5265588914549654,18.0,240.0,1.5° (240×121 equiangular with poles),nearest-neighbor point sample at proxy lat/lon; no 20 m downscale,MODELLED_STATE,0.34326171875,0.65673828125
evt:2020-06-07|sunamganj|ENSEMBLE_FLOOD_20200607T120449_VV_AS020M_E039N021T3|ENSEMBLE_FLOOD_20200619T120450_VV_AS020M_E039N021T3,evt:2020-06-07,sunamganj,sunamganj,val,2020,2020-06-07T12:04:49Z,2020-06-19T12:04:50Z,288.0002777777778,12.000011574074074,10-14 days,PARTIAL_CAUSAL,PARTIAL_CAUSAL,FORECAST_VINTAGE,weatherbench2-hres-ifs,0.7889273356401384,18.0,240.0,1.5° (240×121 equiangular with poles),nearest-neighbor point sample at proxy lat/lon; no 20 m downscale,MODELLED_STATE,0.25732421875,0.74267578125
evt:2020-06-07|sunamganj|ENSEMBLE_FLOOD_20200619T120450_VV_AS020M_E039N021T3|ENSEMBLE_FLOOD_20200719T120423_VV_AS020M_E039N021T3,evt:2020-06-07,sunamganj,sunamganj,val,2020,2020-06-19T12:04:50Z,2020-07-19T12:04:23Z,719.9925,29.999687499999997,21+ days,PARTIAL_CAUSAL,PARTIAL_CAUSAL,FORECAST_VINTAGE,weatherbench2-hres-ifs,0.31666666666666665,18.0,240.0,1.5° (240×121 equiangular with poles),nearest-neighbor point sample at proxy lat/lon; no 20 m downscale,MODELLED_STATE,0.138671875,0.861328125
evt:2020-06-07|sunamganj|ENSEMBLE_FLOOD_20200719T120423_VV_AS020M_E039N021T3|ENSEMBLE_FLOOD_20200806T120452_VV_AS020M_E039N021T3,evt:2020-06-07,sunamganj,sunamganj,val,2020,2020-07-19T12:04:23Z,2020-08-06T12:04:52Z,432.00805555555553,18.00033564814815,14-21 days,PARTIAL_CAUSAL,PARTIAL_CAUSAL,FORECAST_VINTAGE,weatherbench2-hres-ifs,0.5265588914549654,18.0,240.0,1.5° (240×121 equiangular with poles),nearest-neighbor point sample at proxy lat/lon; no 20 m downscale,MODELLED_STATE,0.146728515625,0.853271484375
evt:2021-06-02|dhaka_ne|ENSEMBLE_FLOOD_20210602T120454_VV_AS020M_E039N021T3|ENSEMBLE_FLOOD_20210614T120455_VV_AS020M_E039N021T3,evt:2021-06-02,dhaka_ne,dhaka_ne,val,2021,2021-06-02T12:04:54Z,2021-06-14T12:04:55Z,288.0002777777778,12.000011574074074,10-14 days,PARTIAL_CAUSAL,PARTIAL_CAUSAL,FORECAST_VINTAGE,weatherbench2-hres-ifs,0.7889273356401384,18.0,240.0,1.5° (240×121 equiangular with poles),nearest-neighbor point sample at proxy lat/lon; no 20 m downscale,MODELLED_STATE,0.1142578125,0.8857421875
evt:2021-06-02|dhaka_ne|ENSEMBLE_FLOOD_20210614T120455_VV_AS020M_E039N021T3|ENSEMBLE_FLOOD_20210626T120456_VV_AS020M_E039N021T3,evt:2021-06-02,dhaka_ne,dhaka_ne,val,2021,2021-06-14T12:04:55Z,2021-06-26T12:04:56Z,288.0002777777778,12.000011574074074,10-14 days,PARTIAL_CAUSAL,PARTIAL_CAUSAL,FORECAST_VINTAGE,weatherbench2-hres-ifs,0.7889273356401384,18.0,240.0,1.5° (240×121 equiangular with poles),nearest-neighbor point sample at proxy lat/lon; no 20 m downscale,MODELLED_STATE,0.1142578125,0.8857421875
evt:2021-06-02|dhaka_ne|ENSEMBLE_FLOOD_20210626T120456_VV_AS020M_E039N021T3|ENSEMBLE_FLOOD_20210708T120457_VV_AS020M_E039N021T3,evt:2021-06-02,dhaka_ne,dhaka_ne,val,2021,2021-06-26T12:04:56Z,2021-07-08T12:04:57Z,288.0002777777778,12.000011574074074,10-14 days,PARTIAL_CAUSAL,PARTIAL_CAUSAL,FORECAST_VINTAGE,weatherbench2-hres-ifs,0.7889273356401384,18.0,240.0,1.5° (240×121 equiangular with poles),nearest-neighbor point sample at proxy lat/lon; no 20 m downscale,MODELLED_STATE,0.11474609375,0.88525390625
evt:2021-06-02|dhaka_ne|ENSEMBLE_FLOOD_20210708T120457_VV_AS020M_E039N021T3|ENSEMBLE_FLOOD_20210720T120457_VV_AS020M_E039N021T3,evt:2021-06-02,dhaka_ne,dhaka_ne,val,2021,2021-07-08T12:04:57Z,2021-07-20T12:04:57Z,288.0,12.0,10-14 days,PARTIAL_CAUSAL,PARTIAL_CAUSAL,FORECAST_VINTAGE,weatherbench2-hres-ifs,0.7916666666666666,18.0,240.0,1.5° (240×121 equiangular with poles),nearest-neighbor point sample at proxy lat/lon; no 20 m downscale,MODELLED_STATE,0.1142578125,0.8857421875
evt:2021-06-02|dhaka_ne|ENSEMBLE_FLOOD_20210720T120457_VV_AS020M_E039N021T3|ENSEMBLE_FLOOD_20210801T120458_VV_AS020M_E039N021T3,evt:2021-06-02,dhaka_ne,dhaka_ne,val,2021,2021-07-20T12:04:57Z,2021-08-01T12:04:58Z,288.0002777777778,12.000011574074074,10-14 days,PARTIAL_CAUSAL,PARTIAL_CAUSAL,FORECAST_VINTAGE,weatherbench2-hres-ifs,0.7889273356401384,18.0,240.0,1.5° (240×121 equiangular with poles),nearest-neighbor point sample at proxy lat/lon; no 20 m downscale,MODELLED_STATE,0.114013671875,0.885986328125
evt:2021-06-02|dhaka_ne|ENSEMBLE_FLOOD_20210801T120458_VV_AS020M_E039N021T3|ENSEMBLE_FLOOD_20210813T120459_VV_AS020M_E039N021T3,evt:2021-06-02,dhaka_ne,dhaka_ne,val,2021,2021-08-01T12:04:58Z,2021-08-13T12:04:59Z,288.0002777777778,12.000011574074074,10-14 days,PARTIAL_CAUSAL,PARTIAL_CAUSAL,FORECAST_VINTAGE,weatherbench2-hres-ifs,0.7889273356401384,18.0,240.0,1.5° (240×121 equiangular with poles),nearest-neighbor point sample at proxy lat/lon; no 20 m downscale,MODELLED_STATE,0.114013671875,0.885986328125
evt:2021-06-02|dhaka_nw|ENSEMBLE_FLOOD_20210602T120454_VV_AS020M_E039N021T3|ENSEMBLE_FLOOD_20210614T120455_VV_AS020M_E039N021T3,evt:2021-06-02,dhaka_nw,dhaka_nw,val,2021,2021-06-02T12:04:54Z,2021-06-14T12:04:55Z,288.0002777777778,12.000011574074074,10-14 days,PARTIAL_CAUSAL,PARTIAL_CAUSAL,FORECAST_VINTAGE,weatherbench2-hres-ifs,0.7889273356401384,18.0,240.0,1.5° (240×121 equiangular with poles),nearest-neighbor point sample at proxy lat/lon; no 20 m downscale,MODELLED_STATE,0.327880859375,0.672119140625
evt:2021-06-02|dhaka_nw|ENSEMBLE_FLOOD_20210614T120455_VV_AS020M_E039N021T3|ENSEMBLE_FLOOD_20210626T120456_VV_AS020M_E039N021T3,evt:2021-06-02,dhaka_nw,dhaka_nw,val,2021,2021-06-14T12:04:55Z,2021-06-26T12:04:56Z,288.0002777777778,12.000011574074074,10-14 days,PARTIAL_CAUSAL,PARTIAL_CAUSAL,FORECAST_VINTAGE,weatherbench2-hres-ifs,0.7889273356401384,18.0,240.0,1.5° (240×121 equiangular with poles),nearest-neighbor point sample at proxy lat/lon; no 20 m downscale,MODELLED_STATE,0.327880859375,0.672119140625
evt:2021-06-02|dhaka_nw|ENSEMBLE_FLOOD_20210626T120456_VV_AS020M_E039N021T3|ENSEMBLE_FLOOD_20210708T120457_VV_AS020M_E039N021T3,evt:2021-06-02,dhaka_nw,dhaka_nw,val,2021,2021-06-26T12:04:56Z,2021-07-08T12:04:57Z,288.0002777777778,12.000011574074074,10-14 days,PARTIAL_CAUSAL,PARTIAL_CAUSAL,FORECAST_VINTAGE,weatherbench2-hres-ifs,0.7889273356401384,18.0,240.0,1.5° (240×121 equiangular with poles),nearest-neighbor point sample at proxy lat/lon; no 20 m downscale,MODELLED_STATE,0.327880859375,0.672119140625
evt:2021-06-02|dhaka_nw|ENSEMBLE_FLOOD_20210708T120457_VV_AS020M_E039N021T3|ENSEMBLE_FLOOD_20210720T120457_VV_AS020M_E039N021T3,evt:2021-06-02,dhaka_nw,dhaka_nw,val,2021,2021-07-08T12:04:57Z,2021-07-20T12:04:57Z,288.0,12.0,10-14 days,PARTIAL_CAUSAL,PARTIAL_CAUSAL,FORECAST_VINTAGE,weatherbench2-hres-ifs,0.7916666666666666,18.0,240.0,1.5° (240×121 equiangular with poles),nearest-neighbor point sample at proxy lat/lon; no 20 m downscale,MODELLED_STATE,0.327880859375,0.672119140625
evt:2021-06-02|dhaka_nw|ENSEMBLE_FLOOD_20210720T120457_VV_AS020M_E039N021T3|ENSEMBLE_FLOOD_20210801T120458_VV_AS020M_E039N021T3,evt:2021-06-02,dhaka_nw,dhaka_nw,val,2021,2021-07-20T12:04:57Z,2021-08-01T12:04:58Z,288.0002777777778,12.000011574074074,10-14 days,PARTIAL_CAUSAL,PARTIAL_CAUSAL,FORECAST_VINTAGE,weatherbench2-hres-ifs,0.7889273356401384,18.0,240.0,1.5° (240×121 equiangular with poles),nearest-neighbor point sample at proxy lat/lon; no 20 m downscale,MODELLED_STATE,0.327880859375,0.672119140625
evt:2021-06-02|dhaka_nw|ENSEMBLE_FLOOD_20210801T120458_VV_AS020M_E039N021T3|ENSEMBLE_FLOOD_20210813T120459_VV_AS020M_E039N021T3,evt:2021-06-02,dhaka_nw,dhaka_nw,val,2021,2021-08-01T12:04:58Z,2021-08-13T12:04:59Z,288.0002777777778,12.000011574074074,10-14 days,PARTIAL_CAUSAL,PARTIAL_CAUSAL,FORECAST_VINTAGE,weatherbench2-hres-ifs,0.7889273356401384,18.0,240.0,1.5° (240×121 equiangular with poles),nearest-neighbor point sample at proxy lat/lon; no 20 m downscale,MODELLED_STATE,0.327880859375,0.672119140625
evt:2021-06-02|dhaka_se|ENSEMBLE_FLOOD_20210604T235618_VV_AS020M_E039N021T3|ENSEMBLE_FLOOD_20210616T235619_VV_AS020M_E039N021T3,evt:2021-06-02,dhaka_se,dhaka_se,val,2021,2021-06-04T23:56:18Z,2021-06-16T23:56:19Z,288.0002777777778,12.000011574074074,10-14 days,PARTIAL_CAUSAL,PARTIAL_CAUSAL,FORECAST_VINTAGE,weatherbench2-hres-ifs,0.7923875432525952,12.0,240.0,1.5° (240×121 equiangular with poles),nearest-neighbor point sample at proxy lat/lon; no 20 m downscale,MODELLED_STATE,0.59765625,0.40234375
evt:2021-06-02|dhaka_sw|ENSEMBLE_FLOOD_20210604T235618_VV_AS020M_E039N021T3|ENSEMBLE_FLOOD_20210616T235619_VV_AS020M_E039N021T3,evt:2021-06-02,dhaka_sw,dhaka_sw,val,2021,2021-06-04T23:56:18Z,2021-06-16T23:56:19Z,288.0002777777778,12.000011574074074,10-14 days,PARTIAL_CAUSAL,PARTIAL_CAUSAL,FORECAST_VINTAGE,weatherbench2-hres-ifs,0.7923875432525952,12.0,240.0,1.5° (240×121 equiangular with poles),nearest-neighbor point sample at proxy lat/lon; no 20 m downscale,MODELLED_STATE,0.81689453125,0.18310546875
evt:2021-06-02|kishoreganj|ENSEMBLE_FLOOD_20210602T120454_VV_AS020M_E039N021T3|ENSEMBLE_FLOOD_20210614T120455_VV_AS020M_E039N021T3,evt:2021-06-02,kishoreganj,kishoreganj,val,2021,2021-06-02T12:04:54Z,2021-06-14T12:04:55Z,288.0002777777778,12.000011574074074,10-14 days,PARTIAL_CAUSAL,PARTIAL_CAUSAL,FORECAST_VINTAGE,weatherbench2-hres-ifs,0.7889273356401384,18.0,240.0,1.5° (240×121 equiangular with poles),nearest-neighbor point sample at proxy lat/lon; no 20 m downscale,MODELLED_STATE,1.0,0.0
evt:2021-06-02|kishoreganj|ENSEMBLE_FLOOD_20210614T120455_VV_AS020M_E039N021T3|ENSEMBLE_FLOOD_20210626T120456_VV_AS020M_E039N021T3,evt:2021-06-02,kishoreganj,kishoreganj,val,2021,2021-06-14T12:04:55Z,2021-06-26T12:04:56Z,288.0002777777778,12.000011574074074,10-14 days,PARTIAL_CAUSAL,PARTIAL_CAUSAL,FORECAST_VINTAGE,weatherbench2-hres-ifs,0.7889273356401384,18.0,240.0,1.5° (240×121 equiangular with poles),nearest-neighbor point sample at proxy lat/lon; no 20 m downscale,MODELLED_STATE,1.0,0.0
evt:2021-06-02|kishoreganj|ENSEMBLE_FLOOD_20210626T120456_VV_AS020M_E039N021T3|ENSEMBLE_FLOOD_20210708T120457_VV_AS020M_E039N021T3,evt:2021-06-02,kishoreganj,kishoreganj,val,2021,2021-06-26T12:04:56Z,2021-07-08T12:04:57Z,288.0002777777778,12.000011574074074,10-14 days,PARTIAL_CAUSAL,PARTIAL_CAUSAL,FORECAST_VINTAGE,weatherbench2-hres-ifs,0.7889273356401384,18.0,240.0,1.5° (240×121 equiangular with poles),nearest-neighbor point sample at proxy lat/lon; no 20 m downscale,MODELLED_STATE,1.0,0.0
evt:2021-06-02|kishoreganj|ENSEMBLE_FLOOD_20210708T120457_VV_AS020M_E039N021T3|ENSEMBLE_FLOOD_20210720T120457_VV_AS020M_E039N021T3,evt:2021-06-02,kishoreganj,kishoreganj,val,2021,2021-07-08T12:04:57Z,2021-07-20T12:04:57Z,288.0,12.0,10-14 days,PARTIAL_CAUSAL,PARTIAL_CAUSAL,FORECAST_VINTAGE,weatherbench2-hres-ifs,0.7916666666666666,18.0,240.0,1.5° (240×121 equiangular with poles),nearest-neighbor point sample at proxy lat/lon; no 20 m downscale,MODELLED_STATE,1.0,0.0
evt:2021-06-02|kishoreganj|ENSEMBLE_FLOOD_20210720T120457_VV_AS020M_E039N021T3|ENSEMBLE_FLOOD_20210801T120458_VV_AS020M_E039N021T3,evt:2021-06-02,kishoreganj,kishoreganj,val,2021,2021-07-20T12:04:57Z,2021-08-01T12:04:58Z,288.0002777777778,12.000011574074074,10-14 days,PARTIAL_CAUSAL,PARTIAL_CAUSAL,FORECAST_VINTAGE,weatherbench2-hres-ifs,0.7889273356401384,18.0,240.0,1.5° (240×121 equiangular with poles),nearest-neighbor point sample at proxy lat/lon; no 20 m downscale,MODELLED_STATE,1.0,0.0
evt:2021-06-02|kishoreganj|ENSEMBLE_FLOOD_20210801T120458_VV_AS020M_E039N021T3|ENSEMBLE_FLOOD_20210813T120459_VV_AS020M_E039N021T3,evt:2021-06-02,kishoreganj,kishoreganj,val,2021,2021-08-01T12:04:58Z,2021-08-13T12:04:59Z,288.0002777777778,12.000011574074074,10-14 days,PARTIAL_CAUSAL,PARTIAL_CAUSAL,FORECAST_VINTAGE,weatherbench2-hres-ifs,0.7889273356401384,18.0,240.0,1.5° (240×121 equiangular with poles),nearest-neighbor point sample at proxy lat/lon; no 20 m downscale,MODELLED_STATE,1.0,0.0
evt:2021-06-02|netrokona|ENSEMBLE_FLOOD_20210602T120454_VV_AS020M_E039N021T3|ENSEMBLE_FLOOD_20210614T120455_VV_AS020M_E039N021T3,evt:2021-06-02,netrokona,netrokona,val,2021,2021-06-02T12:04:54Z,2021-06-14T12:04:55Z,288.0002777777778,12.000011574074074,10-14 days,PARTIAL_CAUSAL,PARTIAL_CAUSAL,FORECAST_VINTAGE,weatherbench2-hres-ifs,0.7889273356401384,18.0,240.0,1.5° (240×121 equiangular with poles),nearest-neighbor point sample at proxy lat/lon; no 20 m downscale,MODELLED_STATE,1.0,0.0
evt:2021-06-02|netrokona|ENSEMBLE_FLOOD_20210614T120455_VV_AS020M_E039N021T3|ENSEMBLE_FLOOD_20210626T120456_VV_AS020M_E039N021T3,evt:2021-06-02,netrokona,netrokona,val,2021,2021-06-14T12:04:55Z,2021-06-26T12:04:56Z,288.0002777777778,12.000011574074074,10-14 days,PARTIAL_CAUSAL,PARTIAL_CAUSAL,FORECAST_VINTAGE,weatherbench2-hres-ifs,0.7889273356401384,18.0,240.0,1.5° (240×121 equiangular with poles),nearest-neighbor point sample at proxy lat/lon; no 20 m downscale,MODELLED_STATE,1.0,0.0
evt:2021-06-02|netrokona|ENSEMBLE_FLOOD_20210626T120456_VV_AS020M_E039N021T3|ENSEMBLE_FLOOD_20210708T120457_VV_AS020M_E039N021T3,evt:2021-06-02,netrokona,netrokona,val,2021,2021-06-26T12:04:56Z,2021-07-08T12:04:57Z,288.0002777777778,12.000011574074074,10-14 days,PARTIAL_CAUSAL,PARTIAL_CAUSAL,FORECAST_VINTAGE,weatherbench2-hres-ifs,0.7889273356401384,18.0,240.0,1.5° (240×121 equiangular with poles),nearest-neighbor point sample at proxy lat/lon; no 20 m downscale,MODELLED_STATE,1.0,0.0
evt:2021-06-02|netrokona|ENSEMBLE_FLOOD_20210708T120457_VV_AS020M_E039N021T3|ENSEMBLE_FLOOD_20210720T120457_VV_AS020M_E039N021T3,evt:2021-06-02,netrokona,netrokona,val,2021,2021-07-08T12:04:57Z,2021-07-20T12:04:57Z,288.0,12.0,10-14 days,PARTIAL_CAUSAL,PARTIAL_CAUSAL,FORECAST_VINTAGE,weatherbench2-hres-ifs,0.7916666666666666,18.0,240.0,1.5° (240×121 equiangular with poles),nearest-neighbor point sample at proxy lat/lon; no 20 m downscale,MODELLED_STATE,1.0,0.0
evt:2021-06-02|netrokona|ENSEMBLE_FLOOD_20210720T120457_VV_AS020M_E039N021T3|ENSEMBLE_FLOOD_20210801T120458_VV_AS020M_E039N021T3,evt:2021-06-02,netrokona,netrokona,val,2021,2021-07-20T12:04:57Z,2021-08-01T12:04:58Z,288.0002777777778,12.000011574074074,10-14 days,PARTIAL_CAUSAL,PARTIAL_CAUSAL,FORECAST_VINTAGE,weatherbench2-hres-ifs,0.7889273356401384,18.0,240.0,1.5° (240×121 equiangular with poles),nearest-neighbor point sample at proxy lat/lon; no 20 m downscale,MODELLED_STATE,1.0,0.0
evt:2021-06-02|netrokona|ENSEMBLE_FLOOD_20210801T120458_VV_AS020M_E039N021T3|ENSEMBLE_FLOOD_20210813T120459_VV_AS020M_E039N021T3,evt:2021-06-02,netrokona,netrokona,val,2021,2021-08-01T12:04:58Z,2021-08-13T12:04:59Z,288.0002777777778,12.000011574074074,10-14 days,PARTIAL_CAUSAL,PARTIAL_CAUSAL,FORECAST_VINTAGE,weatherbench2-hres-ifs,0.7889273356401384,18.0,240.0,1.5° (240×121 equiangular with poles),nearest-neighbor point sample at proxy lat/lon; no 20 m downscale,MODELLED_STATE,1.0,0.0
evt:2021-06-02|sunamganj|ENSEMBLE_FLOOD_20210602T120454_VV_AS020M_E039N021T3|ENSEMBLE_FLOOD_20210614T120455_VV_AS020M_E039N021T3,evt:2021-06-02,sunamganj,sunamganj,val,2021,2021-06-02T12:04:54Z,2021-06-14T12:04:55Z,288.0002777777778,12.000011574074074,10-14 days,PARTIAL_CAUSAL,PARTIAL_CAUSAL,FORECAST_VINTAGE,weatherbench2-hres-ifs,0.7889273356401384,18.0,240.0,1.5° (240×121 equiangular with poles),nearest-neighbor point sample at proxy lat/lon; no 20 m downscale,MODELLED_STATE,0.67919921875,0.32080078125
evt:2021-06-02|sunamganj|ENSEMBLE_FLOOD_20210614T120455_VV_AS020M_E039N021T3|ENSEMBLE_FLOOD_20210626T120456_VV_AS020M_E039N021T3,evt:2021-06-02,sunamganj,sunamganj,val,2021,2021-06-14T12:04:55Z,2021-06-26T12:04:56Z,288.0002777777778,12.000011574074074,10-14 days,PARTIAL_CAUSAL,PARTIAL_CAUSAL,FORECAST_VINTAGE,weatherbench2-hres-ifs,0.7889273356401384,18.0,240.0,1.5° (240×121 equiangular with poles),nearest-neighbor point sample at proxy lat/lon; no 20 m downscale,MODELLED_STATE,0.67919921875,0.32080078125
evt:2021-06-02|sunamganj|ENSEMBLE_FLOOD_20210626T120456_VV_AS020M_E039N021T3|ENSEMBLE_FLOOD_20210708T120457_VV_AS020M_E039N021T3,evt:2021-06-02,sunamganj,sunamganj,val,2021,2021-06-26T12:04:56Z,2021-07-08T12:04:57Z,288.0002777777778,12.000011574074074,10-14 days,PARTIAL_CAUSAL,PARTIAL_CAUSAL,FORECAST_VINTAGE,weatherbench2-hres-ifs,0.7889273356401384,18.0,240.0,1.5° (240×121 equiangular with poles),nearest-neighbor point sample at proxy lat/lon; no 20 m downscale,MODELLED_STATE,0.6796875,0.3203125
evt:2021-06-02|sunamganj|ENSEMBLE_FLOOD_20210708T120457_VV_AS020M_E039N021T3|ENSEMBLE_FLOOD_20210720T120457_VV_AS020M_E039N021T3,evt:2021-06-02,sunamganj,sunamganj,val,2021,2021-07-08T12:04:57Z,2021-07-20T12:04:57Z,288.0,12.0,10-14 days,PARTIAL_CAUSAL,PARTIAL_CAUSAL,FORECAST_VINTAGE,weatherbench2-hres-ifs,0.7916666666666666,18.0,240.0,1.5° (240×121 equiangular with poles),nearest-neighbor point sample at proxy lat/lon; no 20 m downscale,MODELLED_STATE,0.678955078125,0.321044921875
evt:2021-06-02|sunamganj|ENSEMBLE_FLOOD_20210720T120457_VV_AS020M_E039N021T3|ENSEMBLE_FLOOD_20210801T120458_VV_AS020M_E039N021T3,evt:2021-06-02,sunamganj,sunamganj,val,2021,2021-07-20T12:04:57Z,2021-08-01T12:04:58Z,288.0002777777778,12.000011574074074,10-14 days,PARTIAL_CAUSAL,PARTIAL_CAUSAL,FORECAST_VINTAGE,weatherbench2-hres-ifs,0.7889273356401384,18.0,240.0,1.5° (240×121 equiangular with poles),nearest-neighbor point sample at proxy lat/lon; no 20 m downscale,MODELLED_STATE,0.678955078125,0.321044921875
evt:2021-06-02|sunamganj|ENSEMBLE_FLOOD_20210801T120458_VV_AS020M_E039N021T3|ENSEMBLE_FLOOD_20210813T120459_VV_AS020M_E039N021T3,evt:2021-06-02,sunamganj,sunamganj,val,2021,2021-08-01T12:04:58Z,2021-08-13T12:04:59Z,288.0002777777778,12.000011574074074,10-14 days,PARTIAL_CAUSAL,PARTIAL_CAUSAL,FORECAST_VINTAGE,weatherbench2-hres-ifs,0.7889273356401384,18.0,240.0,1.5° (240×121 equiangular with poles),nearest-neighbor point sample at proxy lat/lon; no 20 m downscale,MODELLED_STATE,0.6796875,0.3203125
evt:2022-05-16|dhaka_ne|ENSEMBLE_FLOOD_20220516T120459_VV_AS020M_E039N021T3|ENSEMBLE_FLOOD_20220528T120500_VV_AS020M_E039N021T3,evt:2022-05-16,dhaka_ne,dhaka_ne,test,2022,2022-05-16T12:04:59Z,2022-05-28T12:05:00Z,288.0002777777778,12.000011574074074,10-14 days,PARTIAL_CAUSAL,PARTIAL_CAUSAL,FORECAST_VINTAGE,weatherbench2-hres-ifs,0.7889273356401384,18.0,240.0,1.5° (240×121 equiangular with poles),nearest-neighbor point sample at proxy lat/lon; no 20 m downscale,MODELLED_STATE,0.1142578125,0.8857421875
evt:2022-05-16|dhaka_ne|ENSEMBLE_FLOOD_20220528T120500_VV_AS020M_E039N021T3|ENSEMBLE_FLOOD_20220703T120503_VV_AS020M_E039N021T3,evt:2022-05-16,dhaka_ne,dhaka_ne,test,2022,2022-05-28T12:05:00Z,2022-07-03T12:05:03Z,864.0008333333334,36.000034722222225,21+ days,PARTIAL_CAUSAL,PARTIAL_CAUSAL,FORECAST_VINTAGE,weatherbench2-hres-ifs,0.2635838150289017,18.0,240.0,1.5° (240×121 equiangular with poles),nearest-neighbor point sample at proxy lat/lon; no 20 m downscale,MODELLED_STATE,0.1142578125,0.8857421875
evt:2022-05-16|dhaka_nw|ENSEMBLE_FLOOD_20220516T120459_VV_AS020M_E039N021T3|ENSEMBLE_FLOOD_20220528T120500_VV_AS020M_E039N021T3,evt:2022-05-16,dhaka_nw,dhaka_nw,test,2022,2022-05-16T12:04:59Z,2022-05-28T12:05:00Z,288.0002777777778,12.000011574074074,10-14 days,PARTIAL_CAUSAL,PARTIAL_CAUSAL,FORECAST_VINTAGE,weatherbench2-hres-ifs,0.7889273356401384,18.0,240.0,1.5° (240×121 equiangular with poles),nearest-neighbor point sample at proxy lat/lon; no 20 m downscale,MODELLED_STATE,0.327880859375,0.672119140625
evt:2022-05-16|dhaka_nw|ENSEMBLE_FLOOD_20220528T120500_VV_AS020M_E039N021T3|ENSEMBLE_FLOOD_20220703T120503_VV_AS020M_E039N021T3,evt:2022-05-16,dhaka_nw,dhaka_nw,test,2022,2022-05-28T12:05:00Z,2022-07-03T12:05:03Z,864.0008333333334,36.000034722222225,21+ days,PARTIAL_CAUSAL,PARTIAL_CAUSAL,FORECAST_VINTAGE,weatherbench2-hres-ifs,0.2635838150289017,18.0,240.0,1.5° (240×121 equiangular with poles),nearest-neighbor point sample at proxy lat/lon; no 20 m downscale,MODELLED_STATE,0.327880859375,0.672119140625
evt:2022-05-16|kishoreganj|ENSEMBLE_FLOOD_20220516T120459_VV_AS020M_E039N021T3|ENSEMBLE_FLOOD_20220528T120500_VV_AS020M_E039N021T3,evt:2022-05-16,kishoreganj,kishoreganj,test,2022,2022-05-16T12:04:59Z,2022-05-28T12:05:00Z,288.0002777777778,12.000011574074074,10-14 days,PARTIAL_CAUSAL,PARTIAL_CAUSAL,FORECAST_VINTAGE,weatherbench2-hres-ifs,0.7889273356401384,18.0,240.0,1.5° (240×121 equiangular with poles),nearest-neighbor point sample at proxy lat/lon; no 20 m downscale,MODELLED_STATE,1.0,0.0
evt:2022-05-16|kishoreganj|ENSEMBLE_FLOOD_20220528T120500_VV_AS020M_E039N021T3|ENSEMBLE_FLOOD_20220703T120503_VV_AS020M_E039N021T3,evt:2022-05-16,kishoreganj,kishoreganj,test,2022,2022-05-28T12:05:00Z,2022-07-03T12:05:03Z,864.0008333333334,36.000034722222225,21+ days,PARTIAL_CAUSAL,PARTIAL_CAUSAL,FORECAST_VINTAGE,weatherbench2-hres-ifs,0.2635838150289017,18.0,240.0,1.5° (240×121 equiangular with poles),nearest-neighbor point sample at proxy lat/lon; no 20 m downscale,MODELLED_STATE,1.0,0.0
evt:2022-05-16|netrokona|ENSEMBLE_FLOOD_20220516T120459_VV_AS020M_E039N021T3|ENSEMBLE_FLOOD_20220528T120500_VV_AS020M_E039N021T3,evt:2022-05-16,netrokona,netrokona,test,2022,2022-05-16T12:04:59Z,2022-05-28T12:05:00Z,288.0002777777778,12.000011574074074,10-14 days,PARTIAL_CAUSAL,PARTIAL_CAUSAL,FORECAST_VINTAGE,weatherbench2-hres-ifs,0.7889273356401384,18.0,240.0,1.5° (240×121 equiangular with poles),nearest-neighbor point sample at proxy lat/lon; no 20 m downscale,MODELLED_STATE,1.0,0.0
evt:2022-05-16|netrokona|ENSEMBLE_FLOOD_20220528T120500_VV_AS020M_E039N021T3|ENSEMBLE_FLOOD_20220703T120503_VV_AS020M_E039N021T3,evt:2022-05-16,netrokona,netrokona,test,2022,2022-05-28T12:05:00Z,2022-07-03T12:05:03Z,864.0008333333334,36.000034722222225,21+ days,PARTIAL_CAUSAL,PARTIAL_CAUSAL,FORECAST_VINTAGE,weatherbench2-hres-ifs,0.2635838150289017,18.0,240.0,1.5° (240×121 equiangular with poles),nearest-neighbor point sample at proxy lat/lon; no 20 m downscale,MODELLED_STATE,1.0,0.0
evt:2022-05-16|sunamganj|ENSEMBLE_FLOOD_20220516T120459_VV_AS020M_E039N021T3|ENSEMBLE_FLOOD_20220528T120500_VV_AS020M_E039N021T3,evt:2022-05-16,sunamganj,sunamganj,test,2022,2022-05-16T12:04:59Z,2022-05-28T12:05:00Z,288.0002777777778,12.000011574074074,10-14 days,PARTIAL_CAUSAL,PARTIAL_CAUSAL,FORECAST_VINTAGE,weatherbench2-hres-ifs,0.7889273356401384,18.0,240.0,1.5° (240×121 equiangular with poles),nearest-neighbor point sample at proxy lat/lon; no 20 m downscale,MODELLED_STATE,0.6796875,0.3203125
evt:2022-05-16|sunamganj|ENSEMBLE_FLOOD_20220528T120500_VV_AS020M_E039N021T3|ENSEMBLE_FLOOD_20220703T120503_VV_AS020M_E039N021T3,evt:2022-05-16,sunamganj,sunamganj,test,2022,2022-05-28T12:05:00Z,2022-07-03T12:05:03Z,864.0008333333334,36.000034722222225,21+ days,PARTIAL_CAUSAL,PARTIAL_CAUSAL,FORECAST_VINTAGE,weatherbench2-hres-ifs,0.2635838150289017,18.0,240.0,1.5° (240×121 equiangular with poles),nearest-neighbor point sample at proxy lat/lon; no 20 m downscale,MODELLED_STATE,0.6787109375,0.3212890625
evt:2023-06-16|dhaka_ne|ENSEMBLE_FLOOD_20230616T120507_VV_AS020M_E039N021T3|ENSEMBLE_FLOOD_20230628T120507_VV_AS020M_E039N021T3,evt:2023-06-16,dhaka_ne,dhaka_ne,test,2023,2023-06-16T12:05:07Z,2023-06-28T12:05:07Z,288.0,12.0,10-14 days,STATE_ONLY,STATE_ONLY,UNAVAILABLE,,0.0,,,,none (no NWP field),MODELLED_STATE,0.1142578125,0.8857421875
evt:2023-06-16|dhaka_ne|ENSEMBLE_FLOOD_20230628T120507_VV_AS020M_E039N021T3|ENSEMBLE_FLOOD_20230710T120508_VV_AS020M_E039N021T3,evt:2023-06-16,dhaka_ne,dhaka_ne,test,2023,2023-06-28T12:05:07Z,2023-07-10T12:05:08Z,288.0002777777778,12.000011574074074,10-14 days,STATE_ONLY,STATE_ONLY,UNAVAILABLE,,0.0,,,,none (no NWP field),MODELLED_STATE,0.11328125,0.88671875
evt:2023-06-16|dhaka_ne|ENSEMBLE_FLOOD_20230710T120508_VV_AS020M_E039N021T3|ENSEMBLE_FLOOD_20230722T120509_VV_AS020M_E039N021T3,evt:2023-06-16,dhaka_ne,dhaka_ne,test,2023,2023-07-10T12:05:08Z,2023-07-22T12:05:09Z,288.0002777777778,12.000011574074074,10-14 days,STATE_ONLY,STATE_ONLY,UNAVAILABLE,,0.0,,,,none (no NWP field),MODELLED_STATE,0.11328125,0.88671875
evt:2023-06-16|dhaka_ne|ENSEMBLE_FLOOD_20230722T120509_VV_AS020M_E039N021T3|ENSEMBLE_FLOOD_20230803T120510_VV_AS020M_E039N021T3,evt:2023-06-16,dhaka_ne,dhaka_ne,test,2023,2023-07-22T12:05:09Z,2023-08-03T12:05:10Z,288.0002777777778,12.000011574074074,10-14 days,STATE_ONLY,STATE_ONLY,UNAVAILABLE,,0.0,,,,none (no NWP field),MODELLED_STATE,0.11376953125,0.88623046875
evt:2023-06-16|dhaka_ne|ENSEMBLE_FLOOD_20230803T120510_VV_AS020M_E039N021T3|ENSEMBLE_FLOOD_20230815T120510_VV_AS020M_E039N021T3,evt:2023-06-16,dhaka_ne,dhaka_ne,test,2023,2023-08-03T12:05:10Z,2023-08-15T12:05:10Z,288.0,12.0,10-14 days,STATE_ONLY,STATE_ONLY,UNAVAILABLE,,0.0,,,,none (no NWP field),MODELLED_STATE,0.11376953125,0.88623046875
evt:2023-06-16|dhaka_nw|ENSEMBLE_FLOOD_20230616T120507_VV_AS020M_E039N021T3|ENSEMBLE_FLOOD_20230628T120507_VV_AS020M_E039N021T3,evt:2023-06-16,dhaka_nw,dhaka_nw,test,2023,2023-06-16T12:05:07Z,2023-06-28T12:05:07Z,288.0,12.0,10-14 days,STATE_ONLY,STATE_ONLY,UNAVAILABLE,,0.0,,,,none (no NWP field),MODELLED_STATE,0.327880859375,0.672119140625
evt:2023-06-16|dhaka_nw|ENSEMBLE_FLOOD_20230628T120507_VV_AS020M_E039N021T3|ENSEMBLE_FLOOD_20230710T120508_VV_AS020M_E039N021T3,evt:2023-06-16,dhaka_nw,dhaka_nw,test,2023,2023-06-28T12:05:07Z,2023-07-10T12:05:08Z,288.0002777777778,12.000011574074074,10-14 days,STATE_ONLY,STATE_ONLY,UNAVAILABLE,,0.0,,,,none (no NWP field),MODELLED_STATE,0.326904296875,0.673095703125
evt:2023-06-16|dhaka_nw|ENSEMBLE_FLOOD_20230710T120508_VV_AS020M_E039N021T3|ENSEMBLE_FLOOD_20230722T120509_VV_AS020M_E039N021T3,evt:2023-06-16,dhaka_nw,dhaka_nw,test,2023,2023-07-10T12:05:08Z,2023-07-22T12:05:09Z,288.0002777777778,12.000011574074074,10-14 days,STATE_ONLY,STATE_ONLY,UNAVAILABLE,,0.0,,,,none (no NWP field),MODELLED_STATE,0.326904296875,0.673095703125
evt:2023-06-16|dhaka_nw|ENSEMBLE_FLOOD_20230722T120509_VV_AS020M_E039N021T3|ENSEMBLE_FLOOD_20230803T120510_VV_AS020M_E039N021T3,evt:2023-06-16,dhaka_nw,dhaka_nw,test,2023,2023-07-22T12:05:09Z,2023-08-03T12:05:10Z,288.0002777777778,12.000011574074074,10-14 days,STATE_ONLY,STATE_ONLY,UNAVAILABLE,,0.0,,,,none (no NWP field),MODELLED_STATE,0.327392578125,0.672607421875
evt:2023-06-16|dhaka_nw|ENSEMBLE_FLOOD_20230803T120510_VV_AS020M_E039N021T3|ENSEMBLE_FLOOD_20230815T120510_VV_AS020M_E039N021T3,evt:2023-06-16,dhaka_nw,dhaka_nw,test,2023,2023-08-03T12:05:10Z,2023-08-15T12:05:10Z,288.0,12.0,10-14 days,STATE_ONLY,STATE_ONLY,UNAVAILABLE,,0.0,,,,none (no NWP field),MODELLED_STATE,0.327392578125,0.672607421875
evt:2023-06-16|kishoreganj|ENSEMBLE_FLOOD_20230616T120507_VV_AS020M_E039N021T3|ENSEMBLE_FLOOD_20230628T120507_VV_AS020M_E039N021T3,evt:2023-06-16,kishoreganj,kishoreganj,test,2023,2023-06-16T12:05:07Z,2023-06-28T12:05:07Z,288.0,12.0,10-14 days,STATE_ONLY,STATE_ONLY,UNAVAILABLE,,0.0,,,,none (no NWP field),MODELLED_STATE,1.0,0.0
evt:2023-06-16|kishoreganj|ENSEMBLE_FLOOD_20230628T120507_VV_AS020M_E039N021T3|ENSEMBLE_FLOOD_20230710T120508_VV_AS020M_E039N021T3,evt:2023-06-16,kishoreganj,kishoreganj,test,2023,2023-06-28T12:05:07Z,2023-07-10T12:05:08Z,288.0002777777778,12.000011574074074,10-14 days,STATE_ONLY,STATE_ONLY,UNAVAILABLE,,0.0,,,,none (no NWP field),MODELLED_STATE,1.0,0.0
evt:2023-06-16|kishoreganj|ENSEMBLE_FLOOD_20230710T120508_VV_AS020M_E039N021T3|ENSEMBLE_FLOOD_20230722T120509_VV_AS020M_E039N021T3,evt:2023-06-16,kishoreganj,kishoreganj,test,2023,2023-07-10T12:05:08Z,2023-07-22T12:05:09Z,288.0002777777778,12.000011574074074,10-14 days,STATE_ONLY,STATE_ONLY,UNAVAILABLE,,0.0,,,,none (no NWP field),MODELLED_STATE,1.0,0.0
evt:2023-06-16|kishoreganj|ENSEMBLE_FLOOD_20230722T120509_VV_AS020M_E039N021T3|ENSEMBLE_FLOOD_20230803T120510_VV_AS020M_E039N021T3,evt:2023-06-16,kishoreganj,kishoreganj,test,2023,2023-07-22T12:05:09Z,2023-08-03T12:05:10Z,288.0002777777778,12.000011574074074,10-14 days,STATE_ONLY,STATE_ONLY,UNAVAILABLE,,0.0,,,,none (no NWP field),MODELLED_STATE,1.0,0.0
evt:2023-06-16|kishoreganj|ENSEMBLE_FLOOD_20230803T120510_VV_AS020M_E039N021T3|ENSEMBLE_FLOOD_20230815T120510_VV_AS020M_E039N021T3,evt:2023-06-16,kishoreganj,kishoreganj,test,2023,2023-08-03T12:05:10Z,2023-08-15T12:05:10Z,288.0,12.0,10-14 days,STATE_ONLY,STATE_ONLY,UNAVAILABLE,,0.0,,,,none (no NWP field),MODELLED_STATE,1.0,0.0
evt:2023-06-16|netrokona|ENSEMBLE_FLOOD_20230616T120507_VV_AS020M_E039N021T3|ENSEMBLE_FLOOD_20230628T120507_VV_AS020M_E039N021T3,evt:2023-06-16,netrokona,netrokona,test,2023,2023-06-16T12:05:07Z,2023-06-28T12:05:07Z,288.0,12.0,10-14 days,STATE_ONLY,STATE_ONLY,UNAVAILABLE,,0.0,,,,none (no NWP field),MODELLED_STATE,1.0,0.0
evt:2023-06-16|netrokona|ENSEMBLE_FLOOD_20230628T120507_VV_AS020M_E039N021T3|ENSEMBLE_FLOOD_20230710T120508_VV_AS020M_E039N021T3,evt:2023-06-16,netrokona,netrokona,test,2023,2023-06-28T12:05:07Z,2023-07-10T12:05:08Z,288.0002777777778,12.000011574074074,10-14 days,STATE_ONLY,STATE_ONLY,UNAVAILABLE,,0.0,,,,none (no NWP field),MODELLED_STATE,1.0,0.0
evt:2023-06-16|netrokona|ENSEMBLE_FLOOD_20230710T120508_VV_AS020M_E039N021T3|ENSEMBLE_FLOOD_20230722T120509_VV_AS020M_E039N021T3,evt:2023-06-16,netrokona,netrokona,test,2023,2023-07-10T12:05:08Z,2023-07-22T12:05:09Z,288.0002777777778,12.000011574074074,10-14 days,STATE_ONLY,STATE_ONLY,UNAVAILABLE,,0.0,,,,none (no NWP field),MODELLED_STATE,1.0,0.0
evt:2023-06-16|netrokona|ENSEMBLE_FLOOD_20230722T120509_VV_AS020M_E039N021T3|ENSEMBLE_FLOOD_20230803T120510_VV_AS020M_E039N021T3,evt:2023-06-16,netrokona,netrokona,test,2023,2023-07-22T12:05:09Z,2023-08-03T12:05:10Z,288.0002777777778,12.000011574074074,10-14 days,STATE_ONLY,STATE_ONLY,UNAVAILABLE,,0.0,,,,none (no NWP field),MODELLED_STATE,1.0,0.0
evt:2023-06-16|netrokona|ENSEMBLE_FLOOD_20230803T120510_VV_AS020M_E039N021T3|ENSEMBLE_FLOOD_20230815T120510_VV_AS020M_E039N021T3,evt:2023-06-16,netrokona,netrokona,test,2023,2023-08-03T12:05:10Z,2023-08-15T12:05:10Z,288.0,12.0,10-14 days,STATE_ONLY,STATE_ONLY,UNAVAILABLE,,0.0,,,,none (no NWP field),MODELLED_STATE,1.0,0.0
evt:2023-06-16|sunamganj|ENSEMBLE_FLOOD_20230616T120507_VV_AS020M_E039N021T3|ENSEMBLE_FLOOD_20230628T120507_VV_AS020M_E039N021T3,evt:2023-06-16,sunamganj,sunamganj,test,2023,2023-06-16T12:05:07Z,2023-06-28T12:05:07Z,288.0,12.0,10-14 days,STATE_ONLY,STATE_ONLY,UNAVAILABLE,,0.0,,,,none (no NWP field),MODELLED_STATE,0.679443359375,0.320556640625
evt:2023-06-16|sunamganj|ENSEMBLE_FLOOD_20230628T120507_VV_AS020M_E039N021T3|ENSEMBLE_FLOOD_20230710T120508_VV_AS020M_E039N021T3,evt:2023-06-16,sunamganj,sunamganj,test,2023,2023-06-28T12:05:07Z,2023-07-10T12:05:08Z,288.0002777777778,12.000011574074074,10-14 days,STATE_ONLY,STATE_ONLY,UNAVAILABLE,,0.0,,,,none (no NWP field),MODELLED_STATE,0.67578125,0.32421875
evt:2023-06-16|sunamganj|ENSEMBLE_FLOOD_20230710T120508_VV_AS020M_E039N021T3|ENSEMBLE_FLOOD_20230722T120509_VV_AS020M_E039N021T3,evt:2023-06-16,sunamganj,sunamganj,test,2023,2023-07-10T12:05:08Z,2023-07-22T12:05:09Z,288.0002777777778,12.000011574074074,10-14 days,STATE_ONLY,STATE_ONLY,UNAVAILABLE,,0.0,,,,none (no NWP field),MODELLED_STATE,0.67578125,0.32421875
evt:2023-06-16|sunamganj|ENSEMBLE_FLOOD_20230722T120509_VV_AS020M_E039N021T3|ENSEMBLE_FLOOD_20230803T120510_VV_AS020M_E039N021T3,evt:2023-06-16,sunamganj,sunamganj,test,2023,2023-07-22T12:05:09Z,2023-08-03T12:05:10Z,288.0002777777778,12.000011574074074,10-14 days,STATE_ONLY,STATE_ONLY,UNAVAILABLE,,0.0,,,,none (no NWP field),MODELLED_STATE,0.676025390625,0.323974609375
evt:2023-06-16|sunamganj|ENSEMBLE_FLOOD_20230803T120510_VV_AS020M_E039N021T3|ENSEMBLE_FLOOD_20230815T120510_VV_AS020M_E039N021T3,evt:2023-06-16,sunamganj,sunamganj,test,2023,2023-08-03T12:05:10Z,2023-08-15T12:05:10Z,288.0,12.0,10-14 days,STATE_ONLY,STATE_ONLY,UNAVAILABLE,,0.0,,,,none (no NWP field),MODELLED_STATE,0.676513671875,0.323486328125
evt:2024-06-22|dhaka_ne|ENSEMBLE_FLOOD_20240622T120508_VV_AS020M_E039N021T3|ENSEMBLE_FLOOD_20240704T120507_VV_AS020M_E039N021T3,evt:2024-06-22,dhaka_ne,dhaka_ne,test,2024,2024-06-22T12:05:08Z,2024-07-04T12:05:07Z,287.9997222222222,11.999988425925926,10-14 days,PARTIAL_CAUSAL,PARTIAL_CAUSAL,FORECAST_VINTAGE,open-meteo-single-runs-ecmwf-ifs,0.7916666666666666,13.0,240.0,IFS HRES ~9 km (point sample at GloFAS proxy),none (no NWP field),MODELLED_STATE,0.115234375,0.884765625
evt:2024-06-22|dhaka_ne|ENSEMBLE_FLOOD_20240704T120507_VV_AS020M_E039N021T3|ENSEMBLE_FLOOD_20240716T120507_VV_AS020M_E039N021T3,evt:2024-06-22,dhaka_ne,dhaka_ne,test,2024,2024-07-04T12:05:07Z,2024-07-16T12:05:07Z,288.0,12.0,10-14 days,PARTIAL_CAUSAL,PARTIAL_CAUSAL,FORECAST_VINTAGE,open-meteo-single-runs-ecmwf-ifs,0.7916666666666666,13.0,240.0,IFS HRES ~9 km (point sample at GloFAS proxy),none (no NWP field),MODELLED_STATE,0.115234375,0.884765625
evt:2024-06-22|dhaka_ne|ENSEMBLE_FLOOD_20240716T120507_VV_AS020M_E039N021T3|ENSEMBLE_FLOOD_20240728T120506_VV_AS020M_E039N021T3,evt:2024-06-22,dhaka_ne,dhaka_ne,test,2024,2024-07-16T12:05:07Z,2024-07-28T12:05:06Z,287.9997222222222,11.999988425925926,10-14 days,FULL_CAUSAL,FULL_CAUSAL,FORECAST_VINTAGE,open-meteo-single-runs-ecmwf-ifs,1.0,13.0,300.0,IFS HRES ~9 km (point sample at GloFAS proxy),none (no NWP field),MODELLED_STATE,0.114990234375,0.885009765625
evt:2024-06-22|dhaka_ne|ENSEMBLE_FLOOD_20240728T120506_VV_AS020M_E039N021T3|ENSEMBLE_FLOOD_20240809T120506_VV_AS020M_E039N021T3,evt:2024-06-22,dhaka_ne,dhaka_ne,test,2024,2024-07-28T12:05:06Z,2024-08-09T12:05:06Z,288.0,12.0,10-14 days,FULL_CAUSAL,FULL_CAUSAL,FORECAST_VINTAGE,open-meteo-single-runs-ecmwf-ifs,1.0,13.0,300.0,IFS HRES ~9 km (point sample at GloFAS proxy),none (no NWP field),MODELLED_STATE,0.114990234375,0.885009765625
evt:2024-06-22|dhaka_nw|ENSEMBLE_FLOOD_20240622T120508_VV_AS020M_E039N021T3|ENSEMBLE_FLOOD_20240704T120507_VV_AS020M_E039N021T3,evt:2024-06-22,dhaka_nw,dhaka_nw,test,2024,2024-06-22T12:05:08Z,2024-07-04T12:05:07Z,287.9997222222222,11.999988425925926,10-14 days,PARTIAL_CAUSAL,PARTIAL_CAUSAL,FORECAST_VINTAGE,open-meteo-single-runs-ecmwf-ifs,0.7916666666666666,13.0,240.0,IFS HRES ~9 km (point sample at GloFAS proxy),none (no NWP field),MODELLED_STATE,0.328369140625,0.671630859375
evt:2024-06-22|dhaka_nw|ENSEMBLE_FLOOD_20240704T120507_VV_AS020M_E039N021T3|ENSEMBLE_FLOOD_20240716T120507_VV_AS020M_E039N021T3,evt:2024-06-22,dhaka_nw,dhaka_nw,test,2024,2024-07-04T12:05:07Z,2024-07-16T12:05:07Z,288.0,12.0,10-14 days,PARTIAL_CAUSAL,PARTIAL_CAUSAL,FORECAST_VINTAGE,open-meteo-single-runs-ecmwf-ifs,0.7916666666666666,13.0,240.0,IFS HRES ~9 km (point sample at GloFAS proxy),none (no NWP field),MODELLED_STATE,0.328369140625,0.671630859375
evt:2024-06-22|dhaka_nw|ENSEMBLE_FLOOD_20240716T120507_VV_AS020M_E039N021T3|ENSEMBLE_FLOOD_20240728T120506_VV_AS020M_E039N021T3,evt:2024-06-22,dhaka_nw,dhaka_nw,test,2024,2024-07-16T12:05:07Z,2024-07-28T12:05:06Z,287.9997222222222,11.999988425925926,10-14 days,FULL_CAUSAL,FULL_CAUSAL,FORECAST_VINTAGE,open-meteo-single-runs-ecmwf-ifs,1.0,13.0,300.0,IFS HRES ~9 km (point sample at GloFAS proxy),none (no NWP field),MODELLED_STATE,0.328369140625,0.671630859375
evt:2024-06-22|dhaka_nw|ENSEMBLE_FLOOD_20240728T120506_VV_AS020M_E039N021T3|ENSEMBLE_FLOOD_20240809T120506_VV_AS020M_E039N021T3,evt:2024-06-22,dhaka_nw,dhaka_nw,test,2024,2024-07-28T12:05:06Z,2024-08-09T12:05:06Z,288.0,12.0,10-14 days,FULL_CAUSAL,FULL_CAUSAL,FORECAST_VINTAGE,open-meteo-single-runs-ecmwf-ifs,1.0,13.0,300.0,IFS HRES ~9 km (point sample at GloFAS proxy),none (no NWP field),MODELLED_STATE,0.327880859375,0.672119140625
evt:2024-06-22|dhaka_se|ENSEMBLE_FLOOD_20240624T235631_VV_AS020M_E039N021T3|ENSEMBLE_FLOOD_20240811T235630_VV_AS020M_E039N021T3,evt:2024-06-22,dhaka_se,dhaka_se,test,2024,2024-06-24T23:56:31Z,2024-08-11T23:56:30Z,1151.9997222222223,47.99998842592593,21+ days,PARTIAL_CAUSAL,PARTIAL_CAUSAL,FORECAST_VINTAGE,open-meteo-single-runs-ecmwf-ifs,0.1987847222222222,12.0,240.0,IFS HRES ~9 km (point sample at GloFAS proxy),none (no NWP field),MODELLED_STATE,0.5654296875,0.4345703125
evt:2024-06-22|dhaka_sw|ENSEMBLE_FLOOD_20240624T235631_VV_AS020M_E039N021T3|ENSEMBLE_FLOOD_20240811T235630_VV_AS020M_E039N021T3,evt:2024-06-22,dhaka_sw,dhaka_sw,test,2024,2024-06-24T23:56:31Z,2024-08-11T23:56:30Z,1151.9997222222223,47.99998842592593,21+ days,PARTIAL_CAUSAL,PARTIAL_CAUSAL,FORECAST_VINTAGE,open-meteo-single-runs-ecmwf-ifs,0.1987847222222222,12.0,240.0,IFS HRES ~9 km (point sample at GloFAS proxy),none (no NWP field),MODELLED_STATE,0.69580078125,0.30419921875
evt:2024-06-22|kishoreganj|ENSEMBLE_FLOOD_20240622T120508_VV_AS020M_E039N021T3|ENSEMBLE_FLOOD_20240704T120507_VV_AS020M_E039N021T3,evt:2024-06-22,kishoreganj,kishoreganj,test,2024,2024-06-22T12:05:08Z,2024-07-04T12:05:07Z,287.9997222222222,11.999988425925926,10-14 days,PARTIAL_CAUSAL,PARTIAL_CAUSAL,FORECAST_VINTAGE,open-meteo-single-runs-ecmwf-ifs,0.7916666666666666,13.0,240.0,IFS HRES ~9 km (point sample at GloFAS proxy),none (no NWP field),MODELLED_STATE,1.0,0.0
evt:2024-06-22|kishoreganj|ENSEMBLE_FLOOD_20240704T120507_VV_AS020M_E039N021T3|ENSEMBLE_FLOOD_20240716T120507_VV_AS020M_E039N021T3,evt:2024-06-22,kishoreganj,kishoreganj,test,2024,2024-07-04T12:05:07Z,2024-07-16T12:05:07Z,288.0,12.0,10-14 days,PARTIAL_CAUSAL,PARTIAL_CAUSAL,FORECAST_VINTAGE,open-meteo-single-runs-ecmwf-ifs,0.7916666666666666,13.0,240.0,IFS HRES ~9 km (point sample at GloFAS proxy),none (no NWP field),MODELLED_STATE,1.0,0.0
evt:2024-06-22|kishoreganj|ENSEMBLE_FLOOD_20240716T120507_VV_AS020M_E039N021T3|ENSEMBLE_FLOOD_20240728T120506_VV_AS020M_E039N021T3,evt:2024-06-22,kishoreganj,kishoreganj,test,2024,2024-07-16T12:05:07Z,2024-07-28T12:05:06Z,287.9997222222222,11.999988425925926,10-14 days,FULL_CAUSAL,FULL_CAUSAL,FORECAST_VINTAGE,open-meteo-single-runs-ecmwf-ifs,1.0,13.0,300.0,IFS HRES ~9 km (point sample at GloFAS proxy),none (no NWP field),MODELLED_STATE,1.0,0.0
evt:2024-06-22|kishoreganj|ENSEMBLE_FLOOD_20240728T120506_VV_AS020M_E039N021T3|ENSEMBLE_FLOOD_20240809T120506_VV_AS020M_E039N021T3,evt:2024-06-22,kishoreganj,kishoreganj,test,2024,2024-07-28T12:05:06Z,2024-08-09T12:05:06Z,288.0,12.0,10-14 days,FULL_CAUSAL,FULL_CAUSAL,FORECAST_VINTAGE,open-meteo-single-runs-ecmwf-ifs,1.0,13.0,300.0,IFS HRES ~9 km (point sample at GloFAS proxy),none (no NWP field),MODELLED_STATE,1.0,0.0
evt:2024-06-22|netrokona|ENSEMBLE_FLOOD_20240622T120508_VV_AS020M_E039N021T3|ENSEMBLE_FLOOD_20240704T120507_VV_AS020M_E039N021T3,evt:2024-06-22,netrokona,netrokona,test,2024,2024-06-22T12:05:08Z,2024-07-04T12:05:07Z,287.9997222222222,11.999988425925926,10-14 days,PARTIAL_CAUSAL,PARTIAL_CAUSAL,FORECAST_VINTAGE,open-meteo-single-runs-ecmwf-ifs,0.7916666666666666,13.0,240.0,IFS HRES ~9 km (point sample at GloFAS proxy),none (no NWP field),MODELLED_STATE,1.0,0.0
evt:2024-06-22|netrokona|ENSEMBLE_FLOOD_20240704T120507_VV_AS020M_E039N021T3|ENSEMBLE_FLOOD_20240716T120507_VV_AS020M_E039N021T3,evt:2024-06-22,netrokona,netrokona,test,2024,2024-07-04T12:05:07Z,2024-07-16T12:05:07Z,288.0,12.0,10-14 days,PARTIAL_CAUSAL,PARTIAL_CAUSAL,FORECAST_VINTAGE,open-meteo-single-runs-ecmwf-ifs,0.7916666666666666,13.0,240.0,IFS HRES ~9 km (point sample at GloFAS proxy),none (no NWP field),MODELLED_STATE,1.0,0.0
evt:2024-06-22|netrokona|ENSEMBLE_FLOOD_20240716T120507_VV_AS020M_E039N021T3|ENSEMBLE_FLOOD_20240728T120506_VV_AS020M_E039N021T3,evt:2024-06-22,netrokona,netrokona,test,2024,2024-07-16T12:05:07Z,2024-07-28T12:05:06Z,287.9997222222222,11.999988425925926,10-14 days,FULL_CAUSAL,FULL_CAUSAL,FORECAST_VINTAGE,open-meteo-single-runs-ecmwf-ifs,1.0,13.0,300.0,IFS HRES ~9 km (point sample at GloFAS proxy),none (no NWP field),MODELLED_STATE,1.0,0.0
evt:2024-06-22|netrokona|ENSEMBLE_FLOOD_20240728T120506_VV_AS020M_E039N021T3|ENSEMBLE_FLOOD_20240809T120506_VV_AS020M_E039N021T3,evt:2024-06-22,netrokona,netrokona,test,2024,2024-07-28T12:05:06Z,2024-08-09T12:05:06Z,288.0,12.0,10-14 days,FULL_CAUSAL,FULL_CAUSAL,FORECAST_VINTAGE,open-meteo-single-runs-ecmwf-ifs,1.0,13.0,300.0,IFS HRES ~9 km (point sample at GloFAS proxy),none (no NWP field),MODELLED_STATE,1.0,0.0
evt:2024-06-22|sunamganj|ENSEMBLE_FLOOD_20240622T120508_VV_AS020M_E039N021T3|ENSEMBLE_FLOOD_20240704T120507_VV_AS020M_E039N021T3,evt:2024-06-22,sunamganj,sunamganj,test,2024,2024-06-22T12:05:08Z,2024-07-04T12:05:07Z,287.9997222222222,11.999988425925926,10-14 days,PARTIAL_CAUSAL,PARTIAL_CAUSAL,FORECAST_VINTAGE,open-meteo-single-runs-ecmwf-ifs,0.7916666666666666,13.0,240.0,IFS HRES ~9 km (point sample at GloFAS proxy),none (no NWP field),MODELLED_STATE,0.685791015625,0.314208984375
evt:2024-06-22|sunamganj|ENSEMBLE_FLOOD_20240704T120507_VV_AS020M_E039N021T3|ENSEMBLE_FLOOD_20240716T120507_VV_AS020M_E039N021T3,evt:2024-06-22,sunamganj,sunamganj,test,2024,2024-07-04T12:05:07Z,2024-07-16T12:05:07Z,288.0,12.0,10-14 days,PARTIAL_CAUSAL,PARTIAL_CAUSAL,FORECAST_VINTAGE,open-meteo-single-runs-ecmwf-ifs,0.7916666666666666,13.0,240.0,IFS HRES ~9 km (point sample at GloFAS proxy),none (no NWP field),MODELLED_STATE,0.684326171875,0.315673828125
evt:2024-06-22|sunamganj|ENSEMBLE_FLOOD_20240716T120507_VV_AS020M_E039N021T3|ENSEMBLE_FLOOD_20240728T120506_VV_AS020M_E039N021T3,evt:2024-06-22,sunamganj,sunamganj,test,2024,2024-07-16T12:05:07Z,2024-07-28T12:05:06Z,287.9997222222222,11.999988425925926,10-14 days,FULL_CAUSAL,FULL_CAUSAL,FORECAST_VINTAGE,open-meteo-single-runs-ecmwf-ifs,1.0,13.0,300.0,IFS HRES ~9 km (point sample at GloFAS proxy),none (no NWP field),MODELLED_STATE,0.684326171875,0.315673828125
evt:2024-06-22|sunamganj|ENSEMBLE_FLOOD_20240728T120506_VV_AS020M_E039N021T3|ENSEMBLE_FLOOD_20240809T120506_VV_AS020M_E039N021T3,evt:2024-06-22,sunamganj,sunamganj,test,2024,2024-07-28T12:05:06Z,2024-08-09T12:05:06Z,288.0,12.0,10-14 days,FULL_CAUSAL,FULL_CAUSAL,FORECAST_VINTAGE,open-meteo-single-runs-ecmwf-ifs,1.0,13.0,300.0,IFS HRES ~9 km (point sample at GloFAS proxy),none (no NWP field),MODELLED_STATE,0.68310546875,0.31689453125
