pair_id,t0,glofas_state_time,lag_hours,source,status,staleness,proxy_city,q_m3s,walkback_days,processing_version,source_version
evt:2015-07-11|dhaka_ne|ENSEMBLE_FLOOD_20150716T120417_VV_AS020M_E039N021T3|ENSEMBLE_FLOOD_20150809T120418_VV_AS020M_E039N021T3,2015-07-16T12:04:17Z,2015-07-16T00:00:00Z,12.071388888888889,glofas-reanalysis-open-meteo,MODELLED_STATE,FRESH,dhaka,76.45,0,phase6.9a-hydro-t0-v1,open-meteo-glofas-v4-reanalysis-2015-2024
evt:2015-07-11|dhaka_nw|ENSEMBLE_FLOOD_20150716T120417_VV_AS020M_E039N021T3|ENSEMBLE_FLOOD_20150809T120418_VV_AS020M_E039N021T3,2015-07-16T12:04:17Z,2015-07-16T00:00:00Z,12.071388888888889,glofas-reanalysis-open-meteo,MODELLED_STATE,FRESH,dhaka,76.45,0,phase6.9a-hydro-t0-v1,open-meteo-glofas-v4-reanalysis-2015-2024
evt:2015-07-11|kishoreganj|ENSEMBLE_FLOOD_20150711T115614_VV_AS020M_E039N021T3|ENSEMBLE_FLOOD_20150716T120417_VV_AS020M_E039N021T3,2015-07-11T11:56:14Z,2015-07-11T00:00:00Z,11.937222222222223,glofas-reanalysis-open-meteo,MODELLED_STATE,FRESH,sunamganj,42.15,0,phase6.9a-hydro-t0-v1,open-meteo-glofas-v4-reanalysis-2015-2024
evt:2015-07-11|kishoreganj|ENSEMBLE_FLOOD_20150716T120417_VV_AS020M_E039N021T3|ENSEMBLE_FLOOD_20150809T120418_VV_AS020M_E039N021T3,2015-07-16T12:04:17Z,2015-07-16T00:00:00Z,12.071388888888889,glofas-reanalysis-open-meteo,MODELLED_STATE,FRESH,sunamganj,88.74,0,phase6.9a-hydro-t0-v1,open-meteo-glofas-v4-reanalysis-2015-2024
evt:2015-07-11|netrokona|ENSEMBLE_FLOOD_20150711T115614_VV_AS020M_E039N021T3|ENSEMBLE_FLOOD_20150716T120417_VV_AS020M_E039N021T3,2015-07-11T11:56:14Z,2015-07-11T00:00:00Z,11.937222222222223,glofas-reanalysis-open-meteo,MODELLED_STATE,FRESH,sunamganj,42.15,0,phase6.9a-hydro-t0-v1,open-meteo-glofas-v4-reanalysis-2015-2024
evt:2015-07-11|netrokona|ENSEMBLE_FLOOD_20150716T120417_VV_AS020M_E039N021T3|ENSEMBLE_FLOOD_20150809T120418_VV_AS020M_E039N021T3,2015-07-16T12:04:17Z,2015-07-16T00:00:00Z,12.071388888888889,glofas-reanalysis-open-meteo,MODELLED_STATE,FRESH,sunamganj,88.74,0,phase6.9a-hydro-t0-v1,open-meteo-glofas-v4-reanalysis-2015-2024
evt:2015-07-11|sunamganj|ENSEMBLE_FLOOD_20150711T115614_VV_AS020M_E039N021T3|ENSEMBLE_FLOOD_20150716T120417_VV_AS020M_E039N021T3,2015-07-11T11:56:14Z,2015-07-11T00:00:00Z,11.937222222222223,glofas-reanalysis-open-meteo,MODELLED_STATE,FRESH,sunamganj,42.15,0,phase6.9a-hydro-t0-v1,open-meteo-glofas-v4-reanalysis-2015-2024
evt:2015-07-11|sunamganj|ENSEMBLE_FLOOD_20150716T120417_VV_AS020M_E039N021T3|ENSEMBLE_FLOOD_20150809T120418_VV_AS020M_E039N021T3,2015-07-16T12:04:17Z,2015-07-16T00:00:00Z,12.071388888888889,glofas-reanalysis-open-meteo,MODELLED_STATE,FRESH,sunamganj,88.74,0,phase6.9a-hydro-t0-v1,open-meteo-glofas-v4-reanalysis-2015-2024
evt:2016-06-30|dhaka_sw|ENSEMBLE_FLOOD_20160630T235553_VV_AS020M_E039N021T3|ENSEMBLE_FLOOD_20160724T235554_VV_AS020M_E039N021T3,2016-06-30T23:55:53Z,2016-06-30T00:00:00Z,23.93138888888889,glofas-reanalysis-open-meteo,MODELLED_STATE,FRESH,dhaka,32.42,0,phase6.9a-hydro-t0-v1,open-meteo-glofas-v4-reanalysis-2015-2024
evt:2016-06-30|dhaka_sw|ENSEMBLE_FLOOD_20160724T235554_VV_AS020M_E039N021T3|ENSEMBLE_FLOOD_20160817T235556_VV_AS020M_E039N021T3,2016-07-24T23:55:54Z,2016-07-24T00:00:00Z,23.93166666666667,glofas-reanalysis-open-meteo,MODELLED_STATE,FRESH,dhaka,46.53,0,phase6.9a-hydro-t0-v1,open-meteo-glofas-v4-reanalysis-2015-2024
evt:2017-04-12|dhaka_ne|ENSEMBLE_FLOOD_20170412T120427_VV_AS020M_E039N021T3|ENSEMBLE_FLOOD_20170424T120428_VV_AS020M_E039N021T3,2017-04-12T12:04:27Z,2017-04-12T00:00:00Z,12.074166666666667,glofas-reanalysis-open-meteo,MODELLED_STATE,FRESH,dhaka,14.78,0,phase6.9a-hydro-t0-v1,open-meteo-glofas-v4-reanalysis-2015-2024
evt:2017-04-12|dhaka_ne|ENSEMBLE_FLOOD_20170424T120428_VV_AS020M_E039N021T3|ENSEMBLE_FLOOD_20170506T120428_VV_AS020M_E039N021T3,2017-04-24T12:04:28Z,2017-04-24T00:00:00Z,12.074444444444444,glofas-reanalysis-open-meteo,MODELLED_STATE,FRESH,dhaka,67.23,0,phase6.9a-hydro-t0-v1,open-meteo-glofas-v4-reanalysis-2015-2024
evt:2017-04-12|dhaka_ne|ENSEMBLE_FLOOD_20170506T120428_VV_AS020M_E039N021T3|ENSEMBLE_FLOOD_20170518T120429_VV_AS020M_E039N021T3,2017-05-06T12:04:28Z,2017-05-06T00:00:00Z,12.074444444444444,glofas-reanalysis-open-meteo,MODELLED_STATE,FRESH,dhaka,33.36,0,phase6.9a-hydro-t0-v1,open-meteo-glofas-v4-reanalysis-2015-2024
evt:2017-04-12|dhaka_nw|ENSEMBLE_FLOOD_20170412T120427_VV_AS020M_E039N021T3|ENSEMBLE_FLOOD_20170424T120428_VV_AS020M_E039N021T3,2017-04-12T12:04:27Z,2017-04-12T00:00:00Z,12.074166666666667,glofas-reanalysis-open-meteo,MODELLED_STATE,FRESH,dhaka,14.78,0,phase6.9a-hydro-t0-v1,open-meteo-glofas-v4-reanalysis-2015-2024
evt:2017-04-12|dhaka_nw|ENSEMBLE_FLOOD_20170424T120428_VV_AS020M_E039N021T3|ENSEMBLE_FLOOD_20170506T120428_VV_AS020M_E039N021T3,2017-04-24T12:04:28Z,2017-04-24T00:00:00Z,12.074444444444444,glofas-reanalysis-open-meteo,MODELLED_STATE,FRESH,dhaka,67.23,0,phase6.9a-hydro-t0-v1,open-meteo-glofas-v4-reanalysis-2015-2024
evt:2017-04-12|dhaka_nw|ENSEMBLE_FLOOD_20170506T120428_VV_AS020M_E039N021T3|ENSEMBLE_FLOOD_20170518T120429_VV_AS020M_E039N021T3,2017-05-06T12:04:28Z,2017-05-06T00:00:00Z,12.074444444444444,glofas-reanalysis-open-meteo,MODELLED_STATE,FRESH,dhaka,33.36,0,phase6.9a-hydro-t0-v1,open-meteo-glofas-v4-reanalysis-2015-2024
evt:2017-04-12|dhaka_se|ENSEMBLE_FLOOD_20170414T235551_VV_AS020M_E039N021T3|ENSEMBLE_FLOOD_20170426T235551_VV_AS020M_E039N021T3,2017-04-14T23:55:51Z,2017-04-14T00:00:00Z,23.930833333333332,glofas-reanalysis-open-meteo,MODELLED_STATE,FRESH,dhaka,14.1,0,phase6.9a-hydro-t0-v1,open-meteo-glofas-v4-reanalysis-2015-2024
evt:2017-04-12|dhaka_se|ENSEMBLE_FLOOD_20170426T235551_VV_AS020M_E039N021T3|ENSEMBLE_FLOOD_20170508T235552_VV_AS020M_E039N021T3,2017-04-26T23:55:51Z,2017-04-26T00:00:00Z,23.930833333333332,glofas-reanalysis-open-meteo,MODELLED_STATE,FRESH,dhaka,44.6,0,phase6.9a-hydro-t0-v1,open-meteo-glofas-v4-reanalysis-2015-2024
evt:2017-04-12|dhaka_se|ENSEMBLE_FLOOD_20170508T235552_VV_AS020M_E039N021T3|ENSEMBLE_FLOOD_20170520T235553_VV_AS020M_E039N021T3,2017-05-08T23:55:52Z,2017-05-08T00:00:00Z,23.93111111111111,glofas-reanalysis-open-meteo,MODELLED_STATE,FRESH,dhaka,39.93,0,phase6.9a-hydro-t0-v1,open-meteo-glofas-v4-reanalysis-2015-2024
evt:2017-04-12|dhaka_sw|ENSEMBLE_FLOOD_20170414T235551_VV_AS020M_E039N021T3|ENSEMBLE_FLOOD_20170426T235551_VV_AS020M_E039N021T3,2017-04-14T23:55:51Z,2017-04-14T00:00:00Z,23.930833333333332,glofas-reanalysis-open-meteo,MODELLED_STATE,FRESH,dhaka,14.1,0,phase6.9a-hydro-t0-v1,open-meteo-glofas-v4-reanalysis-2015-2024
evt:2017-04-12|dhaka_sw|ENSEMBLE_FLOOD_20170426T235551_VV_AS020M_E039N021T3|ENSEMBLE_FLOOD_20170508T235552_VV_AS020M_E039N021T3,2017-04-26T23:55:51Z,2017-04-26T00:00:00Z,23.930833333333332,glofas-reanalysis-open-meteo,MODELLED_STATE,FRESH,dhaka,44.6,0,phase6.9a-hydro-t0-v1,open-meteo-glofas-v4-reanalysis-2015-2024
evt:2017-04-12|dhaka_sw|ENSEMBLE_FLOOD_20170508T235552_VV_AS020M_E039N021T3|ENSEMBLE_FLOOD_20170520T235553_VV_AS020M_E039N021T3,2017-05-08T23:55:52Z,2017-05-08T00:00:00Z,23.93111111111111,glofas-reanalysis-open-meteo,MODELLED_STATE,FRESH,dhaka,39.93,0,phase6.9a-hydro-t0-v1,open-meteo-glofas-v4-reanalysis-2015-2024
evt:2017-04-12|kishoreganj|ENSEMBLE_FLOOD_20170412T120427_VV_AS020M_E039N021T3|ENSEMBLE_FLOOD_20170424T120428_VV_AS020M_E039N021T3,2017-04-12T12:04:27Z,2017-04-12T00:00:00Z,12.074166666666667,glofas-reanalysis-open-meteo,MODELLED_STATE,FRESH,sunamganj,36.07,0,phase6.9a-hydro-t0-v1,open-meteo-glofas-v4-reanalysis-2015-2024
evt:2017-04-12|kishoreganj|ENSEMBLE_FLOOD_20170424T120428_VV_AS020M_E039N021T3|ENSEMBLE_FLOOD_20170506T120428_VV_AS020M_E039N021T3,2017-04-24T12:04:28Z,2017-04-24T00:00:00Z,12.074444444444444,glofas-reanalysis-open-meteo,MODELLED_STATE,FRESH,sunamganj,64.46,0,phase6.9a-hydro-t0-v1,open-meteo-glofas-v4-reanalysis-2015-2024
evt:2017-04-12|kishoreganj|ENSEMBLE_FLOOD_20170506T120428_VV_AS020M_E039N021T3|ENSEMBLE_FLOOD_20170518T120429_VV_AS020M_E039N021T3,2017-05-06T12:04:28Z,2017-05-06T00:00:00Z,12.074444444444444,glofas-reanalysis-open-meteo,MODELLED_STATE,FRESH,sunamganj,44.92,0,phase6.9a-hydro-t0-v1,open-meteo-glofas-v4-reanalysis-2015-2024
evt:2017-04-12|netrokona|ENSEMBLE_FLOOD_20170412T120427_VV_AS020M_E039N021T3|ENSEMBLE_FLOOD_20170424T120428_VV_AS020M_E039N021T3,2017-04-12T12:04:27Z,2017-04-12T00:00:00Z,12.074166666666667,glofas-reanalysis-open-meteo,MODELLED_STATE,FRESH,sunamganj,36.07,0,phase6.9a-hydro-t0-v1,open-meteo-glofas-v4-reanalysis-2015-2024
evt:2017-04-12|netrokona|ENSEMBLE_FLOOD_20170424T120428_VV_AS020M_E039N021T3|ENSEMBLE_FLOOD_20170506T120428_VV_AS020M_E039N021T3,2017-04-24T12:04:28Z,2017-04-24T00:00:00Z,12.074444444444444,glofas-reanalysis-open-meteo,MODELLED_STATE,FRESH,sunamganj,64.46,0,phase6.9a-hydro-t0-v1,open-meteo-glofas-v4-reanalysis-2015-2024
evt:2017-04-12|netrokona|ENSEMBLE_FLOOD_20170506T120428_VV_AS020M_E039N021T3|ENSEMBLE_FLOOD_20170518T120429_VV_AS020M_E039N021T3,2017-05-06T12:04:28Z,2017-05-06T00:00:00Z,12.074444444444444,glofas-reanalysis-open-meteo,MODELLED_STATE,FRESH,sunamganj,44.92,0,phase6.9a-hydro-t0-v1,open-meteo-glofas-v4-reanalysis-2015-2024
evt:2017-04-12|sunamganj|ENSEMBLE_FLOOD_20170412T120427_VV_AS020M_E039N021T3|ENSEMBLE_FLOOD_20170424T120428_VV_AS020M_E039N021T3,2017-04-12T12:04:27Z,2017-04-12T00:00:00Z,12.074166666666667,glofas-reanalysis-open-meteo,MODELLED_STATE,FRESH,sunamganj,36.07,0,phase6.9a-hydro-t0-v1,open-meteo-glofas-v4-reanalysis-2015-2024
evt:2017-04-12|sunamganj|ENSEMBLE_FLOOD_20170424T120428_VV_AS020M_E039N021T3|ENSEMBLE_FLOOD_20170506T120428_VV_AS020M_E039N021T3,2017-04-24T12:04:28Z,2017-04-24T00:00:00Z,12.074444444444444,glofas-reanalysis-open-meteo,MODELLED_STATE,FRESH,sunamganj,64.46,0,phase6.9a-hydro-t0-v1,open-meteo-glofas-v4-reanalysis-2015-2024
evt:2017-04-12|sunamganj|ENSEMBLE_FLOOD_20170506T120428_VV_AS020M_E039N021T3|ENSEMBLE_FLOOD_20170518T120429_VV_AS020M_E039N021T3,2017-05-06T12:04:28Z,2017-05-06T00:00:00Z,12.074444444444444,glofas-reanalysis-open-meteo,MODELLED_STATE,FRESH,sunamganj,44.92,0,phase6.9a-hydro-t0-v1,open-meteo-glofas-v4-reanalysis-2015-2024
evt:2017-07-31|dhaka_ne|ENSEMBLE_FLOOD_20170810T120434_VV_AS020M_E039N021T3|ENSEMBLE_FLOOD_20170822T120434_VV_AS020M_E039N021T3,2017-08-10T12:04:34Z,2017-08-10T00:00:00Z,12.07611111111111,glofas-reanalysis-open-meteo,MODELLED_STATE,FRESH,dhaka,62.24,0,phase6.9a-hydro-t0-v1,open-meteo-glofas-v4-reanalysis-2015-2024
evt:2017-07-31|dhaka_nw|ENSEMBLE_FLOOD_20170810T120434_VV_AS020M_E039N021T3|ENSEMBLE_FLOOD_20170822T120434_VV_AS020M_E039N021T3,2017-08-10T12:04:34Z,2017-08-10T00:00:00Z,12.07611111111111,glofas-reanalysis-open-meteo,MODELLED_STATE,FRESH,dhaka,62.24,0,phase6.9a-hydro-t0-v1,open-meteo-glofas-v4-reanalysis-2015-2024
evt:2017-07-31|dhaka_se|ENSEMBLE_FLOOD_20170731T235557_VV_AS020M_E039N021T3|ENSEMBLE_FLOOD_20170812T235557_VV_AS020M_E039N021T3,2017-07-31T23:55:57Z,2017-07-31T00:00:00Z,23.9325,glofas-reanalysis-open-meteo,MODELLED_STATE,FRESH,dhaka,69.96,0,phase6.9a-hydro-t0-v1,open-meteo-glofas-v4-reanalysis-2015-2024
evt:2017-07-31|dhaka_se|ENSEMBLE_FLOOD_20170812T235557_VV_AS020M_E039N021T3|ENSEMBLE_FLOOD_20170824T235558_VV_AS020M_E039N021T3,2017-08-12T23:55:57Z,2017-08-12T00:00:00Z,23.9325,glofas-reanalysis-open-meteo,MODELLED_STATE,FRESH,dhaka,89.16,0,phase6.9a-hydro-t0-v1,open-meteo-glofas-v4-reanalysis-2015-2024
evt:2017-07-31|dhaka_sw|ENSEMBLE_FLOOD_20170731T235557_VV_AS020M_E039N021T3|ENSEMBLE_FLOOD_20170812T235557_VV_AS020M_E039N021T3,2017-07-31T23:55:57Z,2017-07-31T00:00:00Z,23.9325,glofas-reanalysis-open-meteo,MODELLED_STATE,FRESH,dhaka,69.96,0,phase6.9a-hydro-t0-v1,open-meteo-glofas-v4-reanalysis-2015-2024
evt:2017-07-31|dhaka_sw|ENSEMBLE_FLOOD_20170812T235557_VV_AS020M_E039N021T3|ENSEMBLE_FLOOD_20170824T235558_VV_AS020M_E039N021T3,2017-08-12T23:55:57Z,2017-08-12T00:00:00Z,23.9325,glofas-reanalysis-open-meteo,MODELLED_STATE,FRESH,dhaka,89.16,0,phase6.9a-hydro-t0-v1,open-meteo-glofas-v4-reanalysis-2015-2024
evt:2017-07-31|kishoreganj|ENSEMBLE_FLOOD_20170810T120434_VV_AS020M_E039N021T3|ENSEMBLE_FLOOD_20170822T120434_VV_AS020M_E039N021T3,2017-08-10T12:04:34Z,2017-08-10T00:00:00Z,12.07611111111111,glofas-reanalysis-open-meteo,MODELLED_STATE,FRESH,sunamganj,50.64,0,phase6.9a-hydro-t0-v1,open-meteo-glofas-v4-reanalysis-2015-2024
evt:2017-07-31|netrokona|ENSEMBLE_FLOOD_20170810T120434_VV_AS020M_E039N021T3|ENSEMBLE_FLOOD_20170822T120434_VV_AS020M_E039N021T3,2017-08-10T12:04:34Z,2017-08-10T00:00:00Z,12.07611111111111,glofas-reanalysis-open-meteo,MODELLED_STATE,FRESH,sunamganj,50.64,0,phase6.9a-hydro-t0-v1,open-meteo-glofas-v4-reanalysis-2015-2024
evt:2017-07-31|sunamganj|ENSEMBLE_FLOOD_20170810T120434_VV_AS020M_E039N021T3|ENSEMBLE_FLOOD_20170822T120434_VV_AS020M_E039N021T3,2017-08-10T12:04:34Z,2017-08-10T00:00:00Z,12.07611111111111,glofas-reanalysis-open-meteo,MODELLED_STATE,FRESH,sunamganj,50.64,0,phase6.9a-hydro-t0-v1,open-meteo-glofas-v4-reanalysis-2015-2024
evt:2018-01-13|dhaka_ne|ENSEMBLE_FLOOD_20180113T120433_VV_AS020M_E039N021T3|ENSEMBLE_FLOOD_20180125T120433_VV_AS020M_E039N021T3,2018-01-13T12:04:33Z,2018-01-13T00:00:00Z,12.075833333333334,glofas-reanalysis-open-meteo,MODELLED_STATE,FRESH,dhaka,12.74,0,phase6.9a-hydro-t0-v1,open-meteo-glofas-v4-reanalysis-2015-2024
evt:2018-01-13|dhaka_nw|ENSEMBLE_FLOOD_20180113T120433_VV_AS020M_E039N021T3|ENSEMBLE_FLOOD_20180125T120433_VV_AS020M_E039N021T3,2018-01-13T12:04:33Z,2018-01-13T00:00:00Z,12.075833333333334,glofas-reanalysis-open-meteo,MODELLED_STATE,FRESH,dhaka,12.74,0,phase6.9a-hydro-t0-v1,open-meteo-glofas-v4-reanalysis-2015-2024
evt:2018-01-13|kishoreganj|ENSEMBLE_FLOOD_20180113T120433_VV_AS020M_E039N021T3|ENSEMBLE_FLOOD_20180125T120433_VV_AS020M_E039N021T3,2018-01-13T12:04:33Z,2018-01-13T00:00:00Z,12.075833333333334,glofas-reanalysis-open-meteo,MODELLED_STATE,FRESH,sunamganj,10.89,0,phase6.9a-hydro-t0-v1,open-meteo-glofas-v4-reanalysis-2015-2024
evt:2018-01-13|netrokona|ENSEMBLE_FLOOD_20180113T120433_VV_AS020M_E039N021T3|ENSEMBLE_FLOOD_20180125T120433_VV_AS020M_E039N021T3,2018-01-13T12:04:33Z,2018-01-13T00:00:00Z,12.075833333333334,glofas-reanalysis-open-meteo,MODELLED_STATE,FRESH,sunamganj,10.89,0,phase6.9a-hydro-t0-v1,open-meteo-glofas-v4-reanalysis-2015-2024
evt:2018-01-13|sunamganj|ENSEMBLE_FLOOD_20180113T120433_VV_AS020M_E039N021T3|ENSEMBLE_FLOOD_20180125T120433_VV_AS020M_E039N021T3,2018-01-13T12:04:33Z,2018-01-13T00:00:00Z,12.075833333333334,glofas-reanalysis-open-meteo,MODELLED_STATE,FRESH,sunamganj,10.89,0,phase6.9a-hydro-t0-v1,open-meteo-glofas-v4-reanalysis-2015-2024
evt:2018-06-06|dhaka_ne|ENSEMBLE_FLOOD_20180606T120436_VV_AS020M_E039N021T3|ENSEMBLE_FLOOD_20180618T120437_VV_AS020M_E039N021T3,2018-06-06T12:04:36Z,2018-06-06T00:00:00Z,12.076666666666666,glofas-reanalysis-open-meteo,MODELLED_STATE,FRESH,dhaka,44.39,0,phase6.9a-hydro-t0-v1,open-meteo-glofas-v4-reanalysis-2015-2024
evt:2018-06-06|dhaka_nw|ENSEMBLE_FLOOD_20180606T120436_VV_AS020M_E039N021T3|ENSEMBLE_FLOOD_20180618T120437_VV_AS020M_E039N021T3,2018-06-06T12:04:36Z,2018-06-06T00:00:00Z,12.076666666666666,glofas-reanalysis-open-meteo,MODELLED_STATE,FRESH,dhaka,44.39,0,phase6.9a-hydro-t0-v1,open-meteo-glofas-v4-reanalysis-2015-2024
evt:2018-06-06|kishoreganj|ENSEMBLE_FLOOD_20180606T120436_VV_AS020M_E039N021T3|ENSEMBLE_FLOOD_20180618T120437_VV_AS020M_E039N021T3,2018-06-06T12:04:36Z,2018-06-06T00:00:00Z,12.076666666666666,glofas-reanalysis-open-meteo,MODELLED_STATE,FRESH,sunamganj,26.16,0,phase6.9a-hydro-t0-v1,open-meteo-glofas-v4-reanalysis-2015-2024
evt:2018-06-06|netrokona|ENSEMBLE_FLOOD_20180606T120436_VV_AS020M_E039N021T3|ENSEMBLE_FLOOD_20180618T120437_VV_AS020M_E039N021T3,2018-06-06T12:04:36Z,2018-06-06T00:00:00Z,12.076666666666666,glofas-reanalysis-open-meteo,MODELLED_STATE,FRESH,sunamganj,26.16,0,phase6.9a-hydro-t0-v1,open-meteo-glofas-v4-reanalysis-2015-2024
evt:2018-06-06|sunamganj|ENSEMBLE_FLOOD_20180606T120436_VV_AS020M_E039N021T3|ENSEMBLE_FLOOD_20180618T120437_VV_AS020M_E039N021T3,2018-06-06T12:04:36Z,2018-06-06T00:00:00Z,12.076666666666666,glofas-reanalysis-open-meteo,MODELLED_STATE,FRESH,sunamganj,26.16,0,phase6.9a-hydro-t0-v1,open-meteo-glofas-v4-reanalysis-2015-2024
evt:2019-01-10|dhaka_ne|ENSEMBLE_FLOOD_20190120T120440_VV_AS020M_E039N021T3|ENSEMBLE_FLOOD_20190201T120440_VV_AS020M_E039N021T3,2019-01-20T12:04:40Z,2019-01-20T00:00:00Z,12.077777777777778,glofas-reanalysis-open-meteo,MODELLED_STATE,FRESH,dhaka,10.8,0,phase6.9a-hydro-t0-v1,open-meteo-glofas-v4-reanalysis-2015-2024
evt:2019-01-10|dhaka_nw|ENSEMBLE_FLOOD_20190120T120440_VV_AS020M_E039N021T3|ENSEMBLE_FLOOD_20190201T120440_VV_AS020M_E039N021T3,2019-01-20T12:04:40Z,2019-01-20T00:00:00Z,12.077777777777778,glofas-reanalysis-open-meteo,MODELLED_STATE,FRESH,dhaka,10.8,0,phase6.9a-hydro-t0-v1,open-meteo-glofas-v4-reanalysis-2015-2024
evt:2019-01-10|dhaka_se|ENSEMBLE_FLOOD_20190110T235604_VV_AS020M_E039N021T3|ENSEMBLE_FLOOD_20190122T235603_VV_AS020M_E039N021T3,2019-01-10T23:56:04Z,2019-01-10T00:00:00Z,23.934444444444445,glofas-reanalysis-open-meteo,MODELLED_STATE,FRESH,dhaka,10.83,0,phase6.9a-hydro-t0-v1,open-meteo-glofas-v4-reanalysis-2015-2024
evt:2019-01-10|dhaka_se|ENSEMBLE_FLOOD_20190122T235603_VV_AS020M_E039N021T3|ENSEMBLE_FLOOD_20190203T235603_VV_AS020M_E039N021T3,2019-01-22T23:56:03Z,2019-01-22T00:00:00Z,23.934166666666666,glofas-reanalysis-open-meteo,MODELLED_STATE,FRESH,dhaka,10.8,0,phase6.9a-hydro-t0-v1,open-meteo-glofas-v4-reanalysis-2015-2024
evt:2019-01-10|dhaka_sw|ENSEMBLE_FLOOD_20190110T235604_VV_AS020M_E039N021T3|ENSEMBLE_FLOOD_20190122T235603_VV_AS020M_E039N021T3,2019-01-10T23:56:04Z,2019-01-10T00:00:00Z,23.934444444444445,glofas-reanalysis-open-meteo,MODELLED_STATE,FRESH,dhaka,10.83,0,phase6.9a-hydro-t0-v1,open-meteo-glofas-v4-reanalysis-2015-2024
evt:2019-01-10|dhaka_sw|ENSEMBLE_FLOOD_20190122T235603_VV_AS020M_E039N021T3|ENSEMBLE_FLOOD_20190203T235603_VV_AS020M_E039N021T3,2019-01-22T23:56:03Z,2019-01-22T00:00:00Z,23.934166666666666,glofas-reanalysis-open-meteo,MODELLED_STATE,FRESH,dhaka,10.8,0,phase6.9a-hydro-t0-v1,open-meteo-glofas-v4-reanalysis-2015-2024
evt:2019-01-10|kishoreganj|ENSEMBLE_FLOOD_20190120T120440_VV_AS020M_E039N021T3|ENSEMBLE_FLOOD_20190201T120440_VV_AS020M_E039N021T3,2019-01-20T12:04:40Z,2019-01-20T00:00:00Z,12.077777777777778,glofas-reanalysis-open-meteo,MODELLED_STATE,FRESH,sunamganj,7.49,0,phase6.9a-hydro-t0-v1,open-meteo-glofas-v4-reanalysis-2015-2024
evt:2019-01-10|netrokona|ENSEMBLE_FLOOD_20190120T120440_VV_AS020M_E039N021T3|ENSEMBLE_FLOOD_20190201T120440_VV_AS020M_E039N021T3,2019-01-20T12:04:40Z,2019-01-20T00:00:00Z,12.077777777777778,glofas-reanalysis-open-meteo,MODELLED_STATE,FRESH,sunamganj,7.49,0,phase6.9a-hydro-t0-v1,open-meteo-glofas-v4-reanalysis-2015-2024
evt:2019-01-10|sunamganj|ENSEMBLE_FLOOD_20190120T120440_VV_AS020M_E039N021T3|ENSEMBLE_FLOOD_20190201T120440_VV_AS020M_E039N021T3,2019-01-20T12:04:40Z,2019-01-20T00:00:00Z,12.077777777777778,glofas-reanalysis-open-meteo,MODELLED_STATE,FRESH,sunamganj,7.49,0,phase6.9a-hydro-t0-v1,open-meteo-glofas-v4-reanalysis-2015-2024
evt:2019-06-15|dhaka_se|ENSEMBLE_FLOOD_20190615T235606_VV_AS020M_E039N021T3|ENSEMBLE_FLOOD_20190627T235607_VV_AS020M_E039N021T3,2019-06-15T23:56:06Z,2019-06-15T00:00:00Z,23.935,glofas-reanalysis-open-meteo,MODELLED_STATE,FRESH,dhaka,32.27,0,phase6.9a-hydro-t0-v1,open-meteo-glofas-v4-reanalysis-2015-2024
evt:2019-06-15|dhaka_se|ENSEMBLE_FLOOD_20190627T235607_VV_AS020M_E039N021T3|ENSEMBLE_FLOOD_20190709T235608_VV_AS020M_E039N021T3,2019-06-27T23:56:07Z,2019-06-27T00:00:00Z,23.935277777777777,glofas-reanalysis-open-meteo,MODELLED_STATE,FRESH,dhaka,32.65,0,phase6.9a-hydro-t0-v1,open-meteo-glofas-v4-reanalysis-2015-2024
evt:2019-06-15|dhaka_se|ENSEMBLE_FLOOD_20190709T235608_VV_AS020M_E039N021T3|ENSEMBLE_FLOOD_20190721T235609_VV_AS020M_E039N021T3,2019-07-09T23:56:08Z,2019-07-09T00:00:00Z,23.935555555555556,glofas-reanalysis-open-meteo,MODELLED_STATE,FRESH,dhaka,48.43,0,phase6.9a-hydro-t0-v1,open-meteo-glofas-v4-reanalysis-2015-2024
evt:2019-06-15|dhaka_se|ENSEMBLE_FLOOD_20190721T235609_VV_AS020M_E039N021T3|ENSEMBLE_FLOOD_20190725T120356_VV_AS020M_E039N021T3,2019-07-21T23:56:09Z,2019-07-21T00:00:00Z,23.935833333333335,glofas-reanalysis-open-meteo,MODELLED_STATE,FRESH,dhaka,40.88,0,phase6.9a-hydro-t0-v1,open-meteo-glofas-v4-reanalysis-2015-2024
evt:2019-06-15|dhaka_se|ENSEMBLE_FLOOD_20190725T120356_VV_AS020M_E039N021T3|ENSEMBLE_FLOOD_20190802T235609_VV_AS020M_E039N021T3,2019-07-25T12:03:56Z,2019-07-25T00:00:00Z,12.065555555555555,glofas-reanalysis-open-meteo,MODELLED_STATE,FRESH,dhaka,39.55,0,phase6.9a-hydro-t0-v1,open-meteo-glofas-v4-reanalysis-2015-2024
evt:2019-06-15|dhaka_sw|ENSEMBLE_FLOOD_20190615T235606_VV_AS020M_E039N021T3|ENSEMBLE_FLOOD_20190627T235607_VV_AS020M_E039N021T3,2019-06-15T23:56:06Z,2019-06-15T00:00:00Z,23.935,glofas-reanalysis-open-meteo,MODELLED_STATE,FRESH,dhaka,32.27,0,phase6.9a-hydro-t0-v1,open-meteo-glofas-v4-reanalysis-2015-2024
evt:2019-06-15|dhaka_sw|ENSEMBLE_FLOOD_20190627T235607_VV_AS020M_E039N021T3|ENSEMBLE_FLOOD_20190709T235608_VV_AS020M_E039N021T3,2019-06-27T23:56:07Z,2019-06-27T00:00:00Z,23.935277777777777,glofas-reanalysis-open-meteo,MODELLED_STATE,FRESH,dhaka,32.65,0,phase6.9a-hydro-t0-v1,open-meteo-glofas-v4-reanalysis-2015-2024
evt:2019-06-15|dhaka_sw|ENSEMBLE_FLOOD_20190709T235608_VV_AS020M_E039N021T3|ENSEMBLE_FLOOD_20190721T235609_VV_AS020M_E039N021T3,2019-07-09T23:56:08Z,2019-07-09T00:00:00Z,23.935555555555556,glofas-reanalysis-open-meteo,MODELLED_STATE,FRESH,dhaka,48.43,0,phase6.9a-hydro-t0-v1,open-meteo-glofas-v4-reanalysis-2015-2024
evt:2019-06-15|dhaka_sw|ENSEMBLE_FLOOD_20190721T235609_VV_AS020M_E039N021T3|ENSEMBLE_FLOOD_20190725T120356_VV_AS020M_E039N021T3,2019-07-21T23:56:09Z,2019-07-21T00:00:00Z,23.935833333333335,glofas-reanalysis-open-meteo,MODELLED_STATE,FRESH,dhaka,40.88,0,phase6.9a-hydro-t0-v1,open-meteo-glofas-v4-reanalysis-2015-2024
evt:2019-06-15|dhaka_sw|ENSEMBLE_FLOOD_20190725T120356_VV_AS020M_E039N021T3|ENSEMBLE_FLOOD_20190802T235609_VV_AS020M_E039N021T3,2019-07-25T12:03:56Z,2019-07-25T00:00:00Z,12.065555555555555,glofas-reanalysis-open-meteo,MODELLED_STATE,FRESH,dhaka,39.55,0,phase6.9a-hydro-t0-v1,open-meteo-glofas-v4-reanalysis-2015-2024
evt:2020-01-15|dhaka_ne|ENSEMBLE_FLOOD_20200115T120446_VV_AS020M_E039N021T3|ENSEMBLE_FLOOD_20200127T120446_VV_AS020M_E039N021T3,2020-01-15T12:04:46Z,2020-01-15T00:00:00Z,12.079444444444444,glofas-reanalysis-open-meteo,MODELLED_STATE,FRESH,dhaka,11.22,0,phase6.9a-hydro-t0-v1,open-meteo-glofas-v4-reanalysis-2015-2024
evt:2020-01-15|dhaka_nw|ENSEMBLE_FLOOD_20200115T120446_VV_AS020M_E039N021T3|ENSEMBLE_FLOOD_20200127T120446_VV_AS020M_E039N021T3,2020-01-15T12:04:46Z,2020-01-15T00:00:00Z,12.079444444444444,glofas-reanalysis-open-meteo,MODELLED_STATE,FRESH,dhaka,11.22,0,phase6.9a-hydro-t0-v1,open-meteo-glofas-v4-reanalysis-2015-2024
evt:2020-01-15|dhaka_se|ENSEMBLE_FLOOD_20200117T235610_VV_AS020M_E039N021T3|ENSEMBLE_FLOOD_20200129T235609_VV_AS020M_E039N021T3,2020-01-17T23:56:10Z,2020-01-17T00:00:00Z,23.93611111111111,glofas-reanalysis-open-meteo,MODELLED_STATE,FRESH,dhaka,11.16,0,phase6.9a-hydro-t0-v1,open-meteo-glofas-v4-reanalysis-2015-2024
evt:2020-01-15|dhaka_sw|ENSEMBLE_FLOOD_20200117T235610_VV_AS020M_E039N021T3|ENSEMBLE_FLOOD_20200129T235609_VV_AS020M_E039N021T3,2020-01-17T23:56:10Z,2020-01-17T00:00:00Z,23.93611111111111,glofas-reanalysis-open-meteo,MODELLED_STATE,FRESH,dhaka,11.16,0,phase6.9a-hydro-t0-v1,open-meteo-glofas-v4-reanalysis-2015-2024
evt:2020-01-15|kishoreganj|ENSEMBLE_FLOOD_20200115T120446_VV_AS020M_E039N021T3|ENSEMBLE_FLOOD_20200127T120446_VV_AS020M_E039N021T3,2020-01-15T12:04:46Z,2020-01-15T00:00:00Z,12.079444444444444,glofas-reanalysis-open-meteo,MODELLED_STATE,FRESH,sunamganj,8.31,0,phase6.9a-hydro-t0-v1,open-meteo-glofas-v4-reanalysis-2015-2024
evt:2020-01-15|netrokona|ENSEMBLE_FLOOD_20200115T120446_VV_AS020M_E039N021T3|ENSEMBLE_FLOOD_20200127T120446_VV_AS020M_E039N021T3,2020-01-15T12:04:46Z,2020-01-15T00:00:00Z,12.079444444444444,glofas-reanalysis-open-meteo,MODELLED_STATE,FRESH,sunamganj,8.31,0,phase6.9a-hydro-t0-v1,open-meteo-glofas-v4-reanalysis-2015-2024
evt:2020-01-15|sunamganj|ENSEMBLE_FLOOD_20200115T120446_VV_AS020M_E039N021T3|ENSEMBLE_FLOOD_20200127T120446_VV_AS020M_E039N021T3,2020-01-15T12:04:46Z,2020-01-15T00:00:00Z,12.079444444444444,glofas-reanalysis-open-meteo,MODELLED_STATE,FRESH,sunamganj,8.31,0,phase6.9a-hydro-t0-v1,open-meteo-glofas-v4-reanalysis-2015-2024
evt:2020-06-07|dhaka_ne|ENSEMBLE_FLOOD_20200607T120449_VV_AS020M_E039N021T3|ENSEMBLE_FLOOD_20200619T120450_VV_AS020M_E039N021T3,2020-06-07T12:04:49Z,2020-06-07T00:00:00Z,12.080277777777777,glofas-reanalysis-open-meteo,MODELLED_STATE,FRESH,dhaka,58.43,0,phase6.9a-hydro-t0-v1,open-meteo-glofas-v4-reanalysis-2015-2024
evt:2020-06-07|dhaka_ne|ENSEMBLE_FLOOD_20200619T120450_VV_AS020M_E039N021T3|ENSEMBLE_FLOOD_20200806T120452_VV_AS020M_E039N021T3,2020-06-19T12:04:50Z,2020-06-19T00:00:00Z,12.080555555555556,glofas-reanalysis-open-meteo,MODELLED_STATE,FRESH,dhaka,59.81,0,phase6.9a-hydro-t0-v1,open-meteo-glofas-v4-reanalysis-2015-2024
evt:2020-06-07|dhaka_nw|ENSEMBLE_FLOOD_20200607T120449_VV_AS020M_E039N021T3|ENSEMBLE_FLOOD_20200619T120450_VV_AS020M_E039N021T3,2020-06-07T12:04:49Z,2020-06-07T00:00:00Z,12.080277777777777,glofas-reanalysis-open-meteo,MODELLED_STATE,FRESH,dhaka,58.43,0,phase6.9a-hydro-t0-v1,open-meteo-glofas-v4-reanalysis-2015-2024
evt:2020-06-07|dhaka_nw|ENSEMBLE_FLOOD_20200619T120450_VV_AS020M_E039N021T3|ENSEMBLE_FLOOD_20200806T120452_VV_AS020M_E039N021T3,2020-06-19T12:04:50Z,2020-06-19T00:00:00Z,12.080555555555556,glofas-reanalysis-open-meteo,MODELLED_STATE,FRESH,dhaka,59.81,0,phase6.9a-hydro-t0-v1,open-meteo-glofas-v4-reanalysis-2015-2024
evt:2020-06-07|dhaka_se|ENSEMBLE_FLOOD_20200609T235613_VV_AS020M_E039N021T3|ENSEMBLE_FLOOD_20200621T235614_VV_AS020M_E039N021T3,2020-06-09T23:56:13Z,2020-06-09T00:00:00Z,23.936944444444446,glofas-reanalysis-open-meteo,MODELLED_STATE,FRESH,dhaka,47.53,0,phase6.9a-hydro-t0-v1,open-meteo-glofas-v4-reanalysis-2015-2024
evt:2020-06-07|dhaka_se|ENSEMBLE_FLOOD_20200621T235614_VV_AS020M_E039N021T3|ENSEMBLE_FLOOD_20200715T235615_VV_AS020M_E039N021T3,2020-06-21T23:56:14Z,2020-06-21T00:00:00Z,23.93722222222222,glofas-reanalysis-open-meteo,MODELLED_STATE,FRESH,dhaka,49.12,0,phase6.9a-hydro-t0-v1,open-meteo-glofas-v4-reanalysis-2015-2024
evt:2020-06-07|dhaka_se|ENSEMBLE_FLOOD_20200715T235615_VV_AS020M_E039N021T3|ENSEMBLE_FLOOD_20200808T235616_VV_AS020M_E039N021T3,2020-07-15T23:56:15Z,2020-07-15T00:00:00Z,23.9375,glofas-reanalysis-open-meteo,MODELLED_STATE,FRESH,dhaka,60.94,0,phase6.9a-hydro-t0-v1,open-meteo-glofas-v4-reanalysis-2015-2024
evt:2020-06-07|dhaka_sw|ENSEMBLE_FLOOD_20200609T235613_VV_AS020M_E039N021T3|ENSEMBLE_FLOOD_20200621T235614_VV_AS020M_E039N021T3,2020-06-09T23:56:13Z,2020-06-09T00:00:00Z,23.936944444444446,glofas-reanalysis-open-meteo,MODELLED_STATE,FRESH,dhaka,47.53,0,phase6.9a-hydro-t0-v1,open-meteo-glofas-v4-reanalysis-2015-2024
evt:2020-06-07|dhaka_sw|ENSEMBLE_FLOOD_20200621T235614_VV_AS020M_E039N021T3|ENSEMBLE_FLOOD_20200715T235615_VV_AS020M_E039N021T3,2020-06-21T23:56:14Z,2020-06-21T00:00:00Z,23.93722222222222,glofas-reanalysis-open-meteo,MODELLED_STATE,FRESH,dhaka,49.12,0,phase6.9a-hydro-t0-v1,open-meteo-glofas-v4-reanalysis-2015-2024
evt:2020-06-07|dhaka_sw|ENSEMBLE_FLOOD_20200715T235615_VV_AS020M_E039N021T3|ENSEMBLE_FLOOD_20200808T235616_VV_AS020M_E039N021T3,2020-07-15T23:56:15Z,2020-07-15T00:00:00Z,23.9375,glofas-reanalysis-open-meteo,MODELLED_STATE,FRESH,dhaka,60.94,0,phase6.9a-hydro-t0-v1,open-meteo-glofas-v4-reanalysis-2015-2024
evt:2020-06-07|kishoreganj|ENSEMBLE_FLOOD_20200607T120449_VV_AS020M_E039N021T3|ENSEMBLE_FLOOD_20200619T120450_VV_AS020M_E039N021T3,2020-06-07T12:04:49Z,2020-06-07T00:00:00Z,12.080277777777777,glofas-reanalysis-open-meteo,MODELLED_STATE,FRESH,sunamganj,28.11,0,phase6.9a-hydro-t0-v1,open-meteo-glofas-v4-reanalysis-2015-2024
evt:2020-06-07|kishoreganj|ENSEMBLE_FLOOD_20200619T120450_VV_AS020M_E039N021T3|ENSEMBLE_FLOOD_20200806T120452_VV_AS020M_E039N021T3,2020-06-19T12:04:50Z,2020-06-19T00:00:00Z,12.080555555555556,glofas-reanalysis-open-meteo,MODELLED_STATE,FRESH,sunamganj,30.55,0,phase6.9a-hydro-t0-v1,open-meteo-glofas-v4-reanalysis-2015-2024
evt:2020-06-07|netrokona|ENSEMBLE_FLOOD_20200607T120449_VV_AS020M_E039N021T3|ENSEMBLE_FLOOD_20200619T120450_VV_AS020M_E039N021T3,2020-06-07T12:04:49Z,2020-06-07T00:00:00Z,12.080277777777777,glofas-reanalysis-open-meteo,MODELLED_STATE,FRESH,sunamganj,28.11,0,phase6.9a-hydro-t0-v1,open-meteo-glofas-v4-reanalysis-2015-2024
evt:2020-06-07|netrokona|ENSEMBLE_FLOOD_20200619T120450_VV_AS020M_E039N021T3|ENSEMBLE_FLOOD_20200719T120423_VV_AS020M_E039N021T3,2020-06-19T12:04:50Z,2020-06-19T00:00:00Z,12.080555555555556,glofas-reanalysis-open-meteo,MODELLED_STATE,FRESH,sunamganj,30.55,0,phase6.9a-hydro-t0-v1,open-meteo-glofas-v4-reanalysis-2015-2024
evt:2020-06-07|netrokona|ENSEMBLE_FLOOD_20200719T120423_VV_AS020M_E039N021T3|ENSEMBLE_FLOOD_20200806T120452_VV_AS020M_E039N021T3,2020-07-19T12:04:23Z,2020-07-19T00:00:00Z,12.073055555555555,glofas-reanalysis-open-meteo,MODELLED_STATE,FRESH,sunamganj,45.24,0,phase6.9a-hydro-t0-v1,open-meteo-glofas-v4-reanalysis-2015-2024
evt:2020-06-07|sunamganj|ENSEMBLE_FLOOD_20200607T120449_VV_AS020M_E039N021T3|ENSEMBLE_FLOOD_20200619T120450_VV_AS020M_E039N021T3,2020-06-07T12:04:49Z,2020-06-07T00:00:00Z,12.080277777777777,glofas-reanalysis-open-meteo,MODELLED_STATE,FRESH,sunamganj,28.11,0,phase6.9a-hydro-t0-v1,open-meteo-glofas-v4-reanalysis-2015-2024
evt:2020-06-07|sunamganj|ENSEMBLE_FLOOD_20200619T120450_VV_AS020M_E039N021T3|ENSEMBLE_FLOOD_20200719T120423_VV_AS020M_E039N021T3,2020-06-19T12:04:50Z,2020-06-19T00:00:00Z,12.080555555555556,glofas-reanalysis-open-meteo,MODELLED_STATE,FRESH,sunamganj,30.55,0,phase6.9a-hydro-t0-v1,open-meteo-glofas-v4-reanalysis-2015-2024
evt:2020-06-07|sunamganj|ENSEMBLE_FLOOD_20200719T120423_VV_AS020M_E039N021T3|ENSEMBLE_FLOOD_20200806T120452_VV_AS020M_E039N021T3,2020-07-19T12:04:23Z,2020-07-19T00:00:00Z,12.073055555555555,glofas-reanalysis-open-meteo,MODELLED_STATE,FRESH,sunamganj,45.24,0,phase6.9a-hydro-t0-v1,open-meteo-glofas-v4-reanalysis-2015-2024
evt:2021-06-02|dhaka_ne|ENSEMBLE_FLOOD_20210602T120454_VV_AS020M_E039N021T3|ENSEMBLE_FLOOD_20210614T120455_VV_AS020M_E039N021T3,2021-06-02T12:04:54Z,2021-06-02T00:00:00Z,12.081666666666667,glofas-reanalysis-open-meteo,MODELLED_STATE,FRESH,dhaka,34.73,0,phase6.9a-hydro-t0-v1,open-meteo-glofas-v4-reanalysis-2015-2024
evt:2021-06-02|dhaka_ne|ENSEMBLE_FLOOD_20210614T120455_VV_AS020M_E039N021T3|ENSEMBLE_FLOOD_20210626T120456_VV_AS020M_E039N021T3,2021-06-14T12:04:55Z,2021-06-14T00:00:00Z,12.081944444444444,glofas-reanalysis-open-meteo,MODELLED_STATE,FRESH,dhaka,29.34,0,phase6.9a-hydro-t0-v1,open-meteo-glofas-v4-reanalysis-2015-2024
evt:2021-06-02|dhaka_ne|ENSEMBLE_FLOOD_20210626T120456_VV_AS020M_E039N021T3|ENSEMBLE_FLOOD_20210708T120457_VV_AS020M_E039N021T3,2021-06-26T12:04:56Z,2021-06-26T00:00:00Z,12.082222222222223,glofas-reanalysis-open-meteo,MODELLED_STATE,FRESH,dhaka,43.67,0,phase6.9a-hydro-t0-v1,open-meteo-glofas-v4-reanalysis-2015-2024
evt:2021-06-02|dhaka_ne|ENSEMBLE_FLOOD_20210708T120457_VV_AS020M_E039N021T3|ENSEMBLE_FLOOD_20210720T120457_VV_AS020M_E039N021T3,2021-07-08T12:04:57Z,2021-07-08T00:00:00Z,12.0825,glofas-reanalysis-open-meteo,MODELLED_STATE,FRESH,dhaka,63.42,0,phase6.9a-hydro-t0-v1,open-meteo-glofas-v4-reanalysis-2015-2024
evt:2021-06-02|dhaka_ne|ENSEMBLE_FLOOD_20210720T120457_VV_AS020M_E039N021T3|ENSEMBLE_FLOOD_20210801T120458_VV_AS020M_E039N021T3,2021-07-20T12:04:57Z,2021-07-20T00:00:00Z,12.0825,glofas-reanalysis-open-meteo,MODELLED_STATE,FRESH,dhaka,53.83,0,phase6.9a-hydro-t0-v1,open-meteo-glofas-v4-reanalysis-2015-2024
evt:2021-06-02|dhaka_ne|ENSEMBLE_FLOOD_20210801T120458_VV_AS020M_E039N021T3|ENSEMBLE_FLOOD_20210813T120459_VV_AS020M_E039N021T3,2021-08-01T12:04:58Z,2021-08-01T00:00:00Z,12.082777777777778,glofas-reanalysis-open-meteo,MODELLED_STATE,FRESH,dhaka,50.76,0,phase6.9a-hydro-t0-v1,open-meteo-glofas-v4-reanalysis-2015-2024
evt:2021-06-02|dhaka_nw|ENSEMBLE_FLOOD_20210602T120454_VV_AS020M_E039N021T3|ENSEMBLE_FLOOD_20210614T120455_VV_AS020M_E039N021T3,2021-06-02T12:04:54Z,2021-06-02T00:00:00Z,12.081666666666667,glofas-reanalysis-open-meteo,MODELLED_STATE,FRESH,dhaka,34.73,0,phase6.9a-hydro-t0-v1,open-meteo-glofas-v4-reanalysis-2015-2024
evt:2021-06-02|dhaka_nw|ENSEMBLE_FLOOD_20210614T120455_VV_AS020M_E039N021T3|ENSEMBLE_FLOOD_20210626T120456_VV_AS020M_E039N021T3,2021-06-14T12:04:55Z,2021-06-14T00:00:00Z,12.081944444444444,glofas-reanalysis-open-meteo,MODELLED_STATE,FRESH,dhaka,29.34,0,phase6.9a-hydro-t0-v1,open-meteo-glofas-v4-reanalysis-2015-2024
evt:2021-06-02|dhaka_nw|ENSEMBLE_FLOOD_20210626T120456_VV_AS020M_E039N021T3|ENSEMBLE_FLOOD_20210708T120457_VV_AS020M_E039N021T3,2021-06-26T12:04:56Z,2021-06-26T00:00:00Z,12.082222222222223,glofas-reanalysis-open-meteo,MODELLED_STATE,FRESH,dhaka,43.67,0,phase6.9a-hydro-t0-v1,open-meteo-glofas-v4-reanalysis-2015-2024
evt:2021-06-02|dhaka_nw|ENSEMBLE_FLOOD_20210708T120457_VV_AS020M_E039N021T3|ENSEMBLE_FLOOD_20210720T120457_VV_AS020M_E039N021T3,2021-07-08T12:04:57Z,2021-07-08T00:00:00Z,12.0825,glofas-reanalysis-open-meteo,MODELLED_STATE,FRESH,dhaka,63.42,0,phase6.9a-hydro-t0-v1,open-meteo-glofas-v4-reanalysis-2015-2024
evt:2021-06-02|dhaka_nw|ENSEMBLE_FLOOD_20210720T120457_VV_AS020M_E039N021T3|ENSEMBLE_FLOOD_20210801T120458_VV_AS020M_E039N021T3,2021-07-20T12:04:57Z,2021-07-20T00:00:00Z,12.0825,glofas-reanalysis-open-meteo,MODELLED_STATE,FRESH,dhaka,53.83,0,phase6.9a-hydro-t0-v1,open-meteo-glofas-v4-reanalysis-2015-2024
evt:2021-06-02|dhaka_nw|ENSEMBLE_FLOOD_20210801T120458_VV_AS020M_E039N021T3|ENSEMBLE_FLOOD_20210813T120459_VV_AS020M_E039N021T3,2021-08-01T12:04:58Z,2021-08-01T00:00:00Z,12.082777777777778,glofas-reanalysis-open-meteo,MODELLED_STATE,FRESH,dhaka,50.76,0,phase6.9a-hydro-t0-v1,open-meteo-glofas-v4-reanalysis-2015-2024
evt:2021-06-02|dhaka_se|ENSEMBLE_FLOOD_20210604T235618_VV_AS020M_E039N021T3|ENSEMBLE_FLOOD_20210616T235619_VV_AS020M_E039N021T3,2021-06-04T23:56:18Z,2021-06-04T00:00:00Z,23.938333333333333,glofas-reanalysis-open-meteo,MODELLED_STATE,FRESH,dhaka,24.35,0,phase6.9a-hydro-t0-v1,open-meteo-glofas-v4-reanalysis-2015-2024
evt:2021-06-02|dhaka_sw|ENSEMBLE_FLOOD_20210604T235618_VV_AS020M_E039N021T3|ENSEMBLE_FLOOD_20210616T235619_VV_AS020M_E039N021T3,2021-06-04T23:56:18Z,2021-06-04T00:00:00Z,23.938333333333333,glofas-reanalysis-open-meteo,MODELLED_STATE,FRESH,dhaka,24.35,0,phase6.9a-hydro-t0-v1,open-meteo-glofas-v4-reanalysis-2015-2024
evt:2021-06-02|kishoreganj|ENSEMBLE_FLOOD_20210602T120454_VV_AS020M_E039N021T3|ENSEMBLE_FLOOD_20210614T120455_VV_AS020M_E039N021T3,2021-06-02T12:04:54Z,2021-06-02T00:00:00Z,12.081666666666667,glofas-reanalysis-open-meteo,MODELLED_STATE,FRESH,sunamganj,13.42,0,phase6.9a-hydro-t0-v1,open-meteo-glofas-v4-reanalysis-2015-2024
evt:2021-06-02|kishoreganj|ENSEMBLE_FLOOD_20210614T120455_VV_AS020M_E039N021T3|ENSEMBLE_FLOOD_20210626T120456_VV_AS020M_E039N021T3,2021-06-14T12:04:55Z,2021-06-14T00:00:00Z,12.081944444444444,glofas-reanalysis-open-meteo,MODELLED_STATE,FRESH,sunamganj,20.53,0,phase6.9a-hydro-t0-v1,open-meteo-glofas-v4-reanalysis-2015-2024
evt:2021-06-02|kishoreganj|ENSEMBLE_FLOOD_20210626T120456_VV_AS020M_E039N021T3|ENSEMBLE_FLOOD_20210708T120457_VV_AS020M_E039N021T3,2021-06-26T12:04:56Z,2021-06-26T00:00:00Z,12.082222222222223,glofas-reanalysis-open-meteo,MODELLED_STATE,FRESH,sunamganj,24.29,0,phase6.9a-hydro-t0-v1,open-meteo-glofas-v4-reanalysis-2015-2024
evt:2021-06-02|kishoreganj|ENSEMBLE_FLOOD_20210708T120457_VV_AS020M_E039N021T3|ENSEMBLE_FLOOD_20210720T120457_VV_AS020M_E039N021T3,2021-07-08T12:04:57Z,2021-07-08T00:00:00Z,12.0825,glofas-reanalysis-open-meteo,MODELLED_STATE,FRESH,sunamganj,39.09,0,phase6.9a-hydro-t0-v1,open-meteo-glofas-v4-reanalysis-2015-2024
evt:2021-06-02|kishoreganj|ENSEMBLE_FLOOD_20210720T120457_VV_AS020M_E039N021T3|ENSEMBLE_FLOOD_20210801T120458_VV_AS020M_E039N021T3,2021-07-20T12:04:57Z,2021-07-20T00:00:00Z,12.0825,glofas-reanalysis-open-meteo,MODELLED_STATE,FRESH,sunamganj,35.06,0,phase6.9a-hydro-t0-v1,open-meteo-glofas-v4-reanalysis-2015-2024
evt:2021-06-02|kishoreganj|ENSEMBLE_FLOOD_20210801T120458_VV_AS020M_E039N021T3|ENSEMBLE_FLOOD_20210813T120459_VV_AS020M_E039N021T3,2021-08-01T12:04:58Z,2021-08-01T00:00:00Z,12.082777777777778,glofas-reanalysis-open-meteo,MODELLED_STATE,FRESH,sunamganj,34.89,0,phase6.9a-hydro-t0-v1,open-meteo-glofas-v4-reanalysis-2015-2024
evt:2021-06-02|netrokona|ENSEMBLE_FLOOD_20210602T120454_VV_AS020M_E039N021T3|ENSEMBLE_FLOOD_20210614T120455_VV_AS020M_E039N021T3,2021-06-02T12:04:54Z,2021-06-02T00:00:00Z,12.081666666666667,glofas-reanalysis-open-meteo,MODELLED_STATE,FRESH,sunamganj,13.42,0,phase6.9a-hydro-t0-v1,open-meteo-glofas-v4-reanalysis-2015-2024
evt:2021-06-02|netrokona|ENSEMBLE_FLOOD_20210614T120455_VV_AS020M_E039N021T3|ENSEMBLE_FLOOD_20210626T120456_VV_AS020M_E039N021T3,2021-06-14T12:04:55Z,2021-06-14T00:00:00Z,12.081944444444444,glofas-reanalysis-open-meteo,MODELLED_STATE,FRESH,sunamganj,20.53,0,phase6.9a-hydro-t0-v1,open-meteo-glofas-v4-reanalysis-2015-2024
evt:2021-06-02|netrokona|ENSEMBLE_FLOOD_20210626T120456_VV_AS020M_E039N021T3|ENSEMBLE_FLOOD_20210708T120457_VV_AS020M_E039N021T3,2021-06-26T12:04:56Z,2021-06-26T00:00:00Z,12.082222222222223,glofas-reanalysis-open-meteo,MODELLED_STATE,FRESH,sunamganj,24.29,0,phase6.9a-hydro-t0-v1,open-meteo-glofas-v4-reanalysis-2015-2024
evt:2021-06-02|netrokona|ENSEMBLE_FLOOD_20210708T120457_VV_AS020M_E039N021T3|ENSEMBLE_FLOOD_20210720T120457_VV_AS020M_E039N021T3,2021-07-08T12:04:57Z,2021-07-08T00:00:00Z,12.0825,glofas-reanalysis-open-meteo,MODELLED_STATE,FRESH,sunamganj,39.09,0,phase6.9a-hydro-t0-v1,open-meteo-glofas-v4-reanalysis-2015-2024
evt:2021-06-02|netrokona|ENSEMBLE_FLOOD_20210720T120457_VV_AS020M_E039N021T3|ENSEMBLE_FLOOD_20210801T120458_VV_AS020M_E039N021T3,2021-07-20T12:04:57Z,2021-07-20T00:00:00Z,12.0825,glofas-reanalysis-open-meteo,MODELLED_STATE,FRESH,sunamganj,35.06,0,phase6.9a-hydro-t0-v1,open-meteo-glofas-v4-reanalysis-2015-2024
evt:2021-06-02|netrokona|ENSEMBLE_FLOOD_20210801T120458_VV_AS020M_E039N021T3|ENSEMBLE_FLOOD_20210813T120459_VV_AS020M_E039N021T3,2021-08-01T12:04:58Z,2021-08-01T00:00:00Z,12.082777777777778,glofas-reanalysis-open-meteo,MODELLED_STATE,FRESH,sunamganj,34.89,0,phase6.9a-hydro-t0-v1,open-meteo-glofas-v4-reanalysis-2015-2024
evt:2021-06-02|sunamganj|ENSEMBLE_FLOOD_20210602T120454_VV_AS020M_E039N021T3|ENSEMBLE_FLOOD_20210614T120455_VV_AS020M_E039N021T3,2021-06-02T12:04:54Z,2021-06-02T00:00:00Z,12.081666666666667,glofas-reanalysis-open-meteo,MODELLED_STATE,FRESH,sunamganj,13.42,0,phase6.9a-hydro-t0-v1,open-meteo-glofas-v4-reanalysis-2015-2024
evt:2021-06-02|sunamganj|ENSEMBLE_FLOOD_20210614T120455_VV_AS020M_E039N021T3|ENSEMBLE_FLOOD_20210626T120456_VV_AS020M_E039N021T3,2021-06-14T12:04:55Z,2021-06-14T00:00:00Z,12.081944444444444,glofas-reanalysis-open-meteo,MODELLED_STATE,FRESH,sunamganj,20.53,0,phase6.9a-hydro-t0-v1,open-meteo-glofas-v4-reanalysis-2015-2024
evt:2021-06-02|sunamganj|ENSEMBLE_FLOOD_20210626T120456_VV_AS020M_E039N021T3|ENSEMBLE_FLOOD_20210708T120457_VV_AS020M_E039N021T3,2021-06-26T12:04:56Z,2021-06-26T00:00:00Z,12.082222222222223,glofas-reanalysis-open-meteo,MODELLED_STATE,FRESH,sunamganj,24.29,0,phase6.9a-hydro-t0-v1,open-meteo-glofas-v4-reanalysis-2015-2024
evt:2021-06-02|sunamganj|ENSEMBLE_FLOOD_20210708T120457_VV_AS020M_E039N021T3|ENSEMBLE_FLOOD_20210720T120457_VV_AS020M_E039N021T3,2021-07-08T12:04:57Z,2021-07-08T00:00:00Z,12.0825,glofas-reanalysis-open-meteo,MODELLED_STATE,FRESH,sunamganj,39.09,0,phase6.9a-hydro-t0-v1,open-meteo-glofas-v4-reanalysis-2015-2024
evt:2021-06-02|sunamganj|ENSEMBLE_FLOOD_20210720T120457_VV_AS020M_E039N021T3|ENSEMBLE_FLOOD_20210801T120458_VV_AS020M_E039N021T3,2021-07-20T12:04:57Z,2021-07-20T00:00:00Z,12.0825,glofas-reanalysis-open-meteo,MODELLED_STATE,FRESH,sunamganj,35.06,0,phase6.9a-hydro-t0-v1,open-meteo-glofas-v4-reanalysis-2015-2024
evt:2021-06-02|sunamganj|ENSEMBLE_FLOOD_20210801T120458_VV_AS020M_E039N021T3|ENSEMBLE_FLOOD_20210813T120459_VV_AS020M_E039N021T3,2021-08-01T12:04:58Z,2021-08-01T00:00:00Z,12.082777777777778,glofas-reanalysis-open-meteo,MODELLED_STATE,FRESH,sunamganj,34.89,0,phase6.9a-hydro-t0-v1,open-meteo-glofas-v4-reanalysis-2015-2024
evt:2022-05-16|dhaka_ne|ENSEMBLE_FLOOD_20220516T120459_VV_AS020M_E039N021T3|ENSEMBLE_FLOOD_20220528T120500_VV_AS020M_E039N021T3,2022-05-16T12:04:59Z,2022-05-16T00:00:00Z,12.083055555555555,glofas-reanalysis-open-meteo,MODELLED_STATE,FRESH,dhaka,20.83,0,phase6.9a-hydro-t0-v1,open-meteo-glofas-v4-reanalysis-2015-2024
evt:2022-05-16|dhaka_ne|ENSEMBLE_FLOOD_20220528T120500_VV_AS020M_E039N021T3|ENSEMBLE_FLOOD_20220703T120503_VV_AS020M_E039N021T3,2022-05-28T12:05:00Z,2022-05-28T00:00:00Z,12.083333333333334,glofas-reanalysis-open-meteo,MODELLED_STATE,FRESH,dhaka,26.73,0,phase6.9a-hydro-t0-v1,open-meteo-glofas-v4-reanalysis-2015-2024
evt:2022-05-16|dhaka_nw|ENSEMBLE_FLOOD_20220516T120459_VV_AS020M_E039N021T3|ENSEMBLE_FLOOD_20220528T120500_VV_AS020M_E039N021T3,2022-05-16T12:04:59Z,2022-05-16T00:00:00Z,12.083055555555555,glofas-reanalysis-open-meteo,MODELLED_STATE,FRESH,dhaka,20.83,0,phase6.9a-hydro-t0-v1,open-meteo-glofas-v4-reanalysis-2015-2024
evt:2022-05-16|dhaka_nw|ENSEMBLE_FLOOD_20220528T120500_VV_AS020M_E039N021T3|ENSEMBLE_FLOOD_20220703T120503_VV_AS020M_E039N021T3,2022-05-28T12:05:00Z,2022-05-28T00:00:00Z,12.083333333333334,glofas-reanalysis-open-meteo,MODELLED_STATE,FRESH,dhaka,26.73,0,phase6.9a-hydro-t0-v1,open-meteo-glofas-v4-reanalysis-2015-2024
evt:2022-05-16|kishoreganj|ENSEMBLE_FLOOD_20220516T120459_VV_AS020M_E039N021T3|ENSEMBLE_FLOOD_20220528T120500_VV_AS020M_E039N021T3,2022-05-16T12:04:59Z,2022-05-16T00:00:00Z,12.083055555555555,glofas-reanalysis-open-meteo,MODELLED_STATE,FRESH,sunamganj,21.34,0,phase6.9a-hydro-t0-v1,open-meteo-glofas-v4-reanalysis-2015-2024
evt:2022-05-16|kishoreganj|ENSEMBLE_FLOOD_20220528T120500_VV_AS020M_E039N021T3|ENSEMBLE_FLOOD_20220703T120503_VV_AS020M_E039N021T3,2022-05-28T12:05:00Z,2022-05-28T00:00:00Z,12.083333333333334,glofas-reanalysis-open-meteo,MODELLED_STATE,FRESH,sunamganj,23.95,0,phase6.9a-hydro-t0-v1,open-meteo-glofas-v4-reanalysis-2015-2024
evt:2022-05-16|netrokona|ENSEMBLE_FLOOD_20220516T120459_VV_AS020M_E039N021T3|ENSEMBLE_FLOOD_20220528T120500_VV_AS020M_E039N021T3,2022-05-16T12:04:59Z,2022-05-16T00:00:00Z,12.083055555555555,glofas-reanalysis-open-meteo,MODELLED_STATE,FRESH,sunamganj,21.34,0,phase6.9a-hydro-t0-v1,open-meteo-glofas-v4-reanalysis-2015-2024
evt:2022-05-16|netrokona|ENSEMBLE_FLOOD_20220528T120500_VV_AS020M_E039N021T3|ENSEMBLE_FLOOD_20220703T120503_VV_AS020M_E039N021T3,2022-05-28T12:05:00Z,2022-05-28T00:00:00Z,12.083333333333334,glofas-reanalysis-open-meteo,MODELLED_STATE,FRESH,sunamganj,23.95,0,phase6.9a-hydro-t0-v1,open-meteo-glofas-v4-reanalysis-2015-2024
evt:2022-05-16|sunamganj|ENSEMBLE_FLOOD_20220516T120459_VV_AS020M_E039N021T3|ENSEMBLE_FLOOD_20220528T120500_VV_AS020M_E039N021T3,2022-05-16T12:04:59Z,2022-05-16T00:00:00Z,12.083055555555555,glofas-reanalysis-open-meteo,MODELLED_STATE,FRESH,sunamganj,21.34,0,phase6.9a-hydro-t0-v1,open-meteo-glofas-v4-reanalysis-2015-2024
evt:2022-05-16|sunamganj|ENSEMBLE_FLOOD_20220528T120500_VV_AS020M_E039N021T3|ENSEMBLE_FLOOD_20220703T120503_VV_AS020M_E039N021T3,2022-05-28T12:05:00Z,2022-05-28T00:00:00Z,12.083333333333334,glofas-reanalysis-open-meteo,MODELLED_STATE,FRESH,sunamganj,23.95,0,phase6.9a-hydro-t0-v1,open-meteo-glofas-v4-reanalysis-2015-2024
evt:2023-06-16|dhaka_ne|ENSEMBLE_FLOOD_20230616T120507_VV_AS020M_E039N021T3|ENSEMBLE_FLOOD_20230628T120507_VV_AS020M_E039N021T3,2023-06-16T12:05:07Z,2023-06-16T00:00:00Z,12.085277777777778,glofas-reanalysis-open-meteo,MODELLED_STATE,FRESH,dhaka,15.67,0,phase6.9a-hydro-t0-v1,open-meteo-glofas-v4-reanalysis-2015-2024
evt:2023-06-16|dhaka_ne|ENSEMBLE_FLOOD_20230628T120507_VV_AS020M_E039N021T3|ENSEMBLE_FLOOD_20230710T120508_VV_AS020M_E039N021T3,2023-06-28T12:05:07Z,2023-06-28T00:00:00Z,12.085277777777778,glofas-reanalysis-open-meteo,MODELLED_STATE,FRESH,dhaka,26.16,0,phase6.9a-hydro-t0-v1,open-meteo-glofas-v4-reanalysis-2015-2024
evt:2023-06-16|dhaka_ne|ENSEMBLE_FLOOD_20230710T120508_VV_AS020M_E039N021T3|ENSEMBLE_FLOOD_20230722T120509_VV_AS020M_E039N021T3,2023-07-10T12:05:08Z,2023-07-10T00:00:00Z,12.085555555555555,glofas-reanalysis-open-meteo,MODELLED_STATE,FRESH,dhaka,30.12,0,phase6.9a-hydro-t0-v1,open-meteo-glofas-v4-reanalysis-2015-2024
evt:2023-06-16|dhaka_ne|ENSEMBLE_FLOOD_20230722T120509_VV_AS020M_E039N021T3|ENSEMBLE_FLOOD_20230803T120510_VV_AS020M_E039N021T3,2023-07-22T12:05:09Z,2023-07-22T00:00:00Z,12.085833333333333,glofas-reanalysis-open-meteo,MODELLED_STATE,FRESH,dhaka,21.39,0,phase6.9a-hydro-t0-v1,open-meteo-glofas-v4-reanalysis-2015-2024
evt:2023-06-16|dhaka_ne|ENSEMBLE_FLOOD_20230803T120510_VV_AS020M_E039N021T3|ENSEMBLE_FLOOD_20230815T120510_VV_AS020M_E039N021T3,2023-08-03T12:05:10Z,2023-08-03T00:00:00Z,12.08611111111111,glofas-reanalysis-open-meteo,MODELLED_STATE,FRESH,dhaka,34.4,0,phase6.9a-hydro-t0-v1,open-meteo-glofas-v4-reanalysis-2015-2024
evt:2023-06-16|dhaka_nw|ENSEMBLE_FLOOD_20230616T120507_VV_AS020M_E039N021T3|ENSEMBLE_FLOOD_20230628T120507_VV_AS020M_E039N021T3,2023-06-16T12:05:07Z,2023-06-16T00:00:00Z,12.085277777777778,glofas-reanalysis-open-meteo,MODELLED_STATE,FRESH,dhaka,15.67,0,phase6.9a-hydro-t0-v1,open-meteo-glofas-v4-reanalysis-2015-2024
evt:2023-06-16|dhaka_nw|ENSEMBLE_FLOOD_20230628T120507_VV_AS020M_E039N021T3|ENSEMBLE_FLOOD_20230710T120508_VV_AS020M_E039N021T3,2023-06-28T12:05:07Z,2023-06-28T00:00:00Z,12.085277777777778,glofas-reanalysis-open-meteo,MODELLED_STATE,FRESH,dhaka,26.16,0,phase6.9a-hydro-t0-v1,open-meteo-glofas-v4-reanalysis-2015-2024
evt:2023-06-16|dhaka_nw|ENSEMBLE_FLOOD_20230710T120508_VV_AS020M_E039N021T3|ENSEMBLE_FLOOD_20230722T120509_VV_AS020M_E039N021T3,2023-07-10T12:05:08Z,2023-07-10T00:00:00Z,12.085555555555555,glofas-reanalysis-open-meteo,MODELLED_STATE,FRESH,dhaka,30.12,0,phase6.9a-hydro-t0-v1,open-meteo-glofas-v4-reanalysis-2015-2024
evt:2023-06-16|dhaka_nw|ENSEMBLE_FLOOD_20230722T120509_VV_AS020M_E039N021T3|ENSEMBLE_FLOOD_20230803T120510_VV_AS020M_E039N021T3,2023-07-22T12:05:09Z,2023-07-22T00:00:00Z,12.085833333333333,glofas-reanalysis-open-meteo,MODELLED_STATE,FRESH,dhaka,21.39,0,phase6.9a-hydro-t0-v1,open-meteo-glofas-v4-reanalysis-2015-2024
evt:2023-06-16|dhaka_nw|ENSEMBLE_FLOOD_20230803T120510_VV_AS020M_E039N021T3|ENSEMBLE_FLOOD_20230815T120510_VV_AS020M_E039N021T3,2023-08-03T12:05:10Z,2023-08-03T00:00:00Z,12.08611111111111,glofas-reanalysis-open-meteo,MODELLED_STATE,FRESH,dhaka,34.4,0,phase6.9a-hydro-t0-v1,open-meteo-glofas-v4-reanalysis-2015-2024
evt:2023-06-16|kishoreganj|ENSEMBLE_FLOOD_20230616T120507_VV_AS020M_E039N021T3|ENSEMBLE_FLOOD_20230628T120507_VV_AS020M_E039N021T3,2023-06-16T12:05:07Z,2023-06-16T00:00:00Z,12.085277777777778,glofas-reanalysis-open-meteo,MODELLED_STATE,FRESH,sunamganj,16.42,0,phase6.9a-hydro-t0-v1,open-meteo-glofas-v4-reanalysis-2015-2024
evt:2023-06-16|kishoreganj|ENSEMBLE_FLOOD_20230628T120507_VV_AS020M_E039N021T3|ENSEMBLE_FLOOD_20230710T120508_VV_AS020M_E039N021T3,2023-06-28T12:05:07Z,2023-06-28T00:00:00Z,12.085277777777778,glofas-reanalysis-open-meteo,MODELLED_STATE,FRESH,sunamganj,26.73,0,phase6.9a-hydro-t0-v1,open-meteo-glofas-v4-reanalysis-2015-2024
evt:2023-06-16|kishoreganj|ENSEMBLE_FLOOD_20230710T120508_VV_AS020M_E039N021T3|ENSEMBLE_FLOOD_20230722T120509_VV_AS020M_E039N021T3,2023-07-10T12:05:08Z,2023-07-10T00:00:00Z,12.085555555555555,glofas-reanalysis-open-meteo,MODELLED_STATE,FRESH,sunamganj,33.36,0,phase6.9a-hydro-t0-v1,open-meteo-glofas-v4-reanalysis-2015-2024
evt:2023-06-16|kishoreganj|ENSEMBLE_FLOOD_20230722T120509_VV_AS020M_E039N021T3|ENSEMBLE_FLOOD_20230803T120510_VV_AS020M_E039N021T3,2023-07-22T12:05:09Z,2023-07-22T00:00:00Z,12.085833333333333,glofas-reanalysis-open-meteo,MODELLED_STATE,FRESH,sunamganj,30.99,0,phase6.9a-hydro-t0-v1,open-meteo-glofas-v4-reanalysis-2015-2024
evt:2023-06-16|kishoreganj|ENSEMBLE_FLOOD_20230803T120510_VV_AS020M_E039N021T3|ENSEMBLE_FLOOD_20230815T120510_VV_AS020M_E039N021T3,2023-08-03T12:05:10Z,2023-08-03T00:00:00Z,12.08611111111111,glofas-reanalysis-open-meteo,MODELLED_STATE,FRESH,sunamganj,27.64,0,phase6.9a-hydro-t0-v1,open-meteo-glofas-v4-reanalysis-2015-2024
evt:2023-06-16|netrokona|ENSEMBLE_FLOOD_20230616T120507_VV_AS020M_E039N021T3|ENSEMBLE_FLOOD_20230628T120507_VV_AS020M_E039N021T3,2023-06-16T12:05:07Z,2023-06-16T00:00:00Z,12.085277777777778,glofas-reanalysis-open-meteo,MODELLED_STATE,FRESH,sunamganj,16.42,0,phase6.9a-hydro-t0-v1,open-meteo-glofas-v4-reanalysis-2015-2024
evt:2023-06-16|netrokona|ENSEMBLE_FLOOD_20230628T120507_VV_AS020M_E039N021T3|ENSEMBLE_FLOOD_20230710T120508_VV_AS020M_E039N021T3,2023-06-28T12:05:07Z,2023-06-28T00:00:00Z,12.085277777777778,glofas-reanalysis-open-meteo,MODELLED_STATE,FRESH,sunamganj,26.73,0,phase6.9a-hydro-t0-v1,open-meteo-glofas-v4-reanalysis-2015-2024
evt:2023-06-16|netrokona|ENSEMBLE_FLOOD_20230710T120508_VV_AS020M_E039N021T3|ENSEMBLE_FLOOD_20230722T120509_VV_AS020M_E039N021T3,2023-07-10T12:05:08Z,2023-07-10T00:00:00Z,12.085555555555555,glofas-reanalysis-open-meteo,MODELLED_STATE,FRESH,sunamganj,33.36,0,phase6.9a-hydro-t0-v1,open-meteo-glofas-v4-reanalysis-2015-2024
evt:2023-06-16|netrokona|ENSEMBLE_FLOOD_20230722T120509_VV_AS020M_E039N021T3|ENSEMBLE_FLOOD_20230803T120510_VV_AS020M_E039N021T3,2023-07-22T12:05:09Z,2023-07-22T00:00:00Z,12.085833333333333,glofas-reanalysis-open-meteo,MODELLED_STATE,FRESH,sunamganj,30.99,0,phase6.9a-hydro-t0-v1,open-meteo-glofas-v4-reanalysis-2015-2024
evt:2023-06-16|netrokona|ENSEMBLE_FLOOD_20230803T120510_VV_AS020M_E039N021T3|ENSEMBLE_FLOOD_20230815T120510_VV_AS020M_E039N021T3,2023-08-03T12:05:10Z,2023-08-03T00:00:00Z,12.08611111111111,glofas-reanalysis-open-meteo,MODELLED_STATE,FRESH,sunamganj,27.64,0,phase6.9a-hydro-t0-v1,open-meteo-glofas-v4-reanalysis-2015-2024
evt:2023-06-16|sunamganj|ENSEMBLE_FLOOD_20230616T120507_VV_AS020M_E039N021T3|ENSEMBLE_FLOOD_20230628T120507_VV_AS020M_E039N021T3,2023-06-16T12:05:07Z,2023-06-16T00:00:00Z,12.085277777777778,glofas-reanalysis-open-meteo,MODELLED_STATE,FRESH,sunamganj,16.42,0,phase6.9a-hydro-t0-v1,open-meteo-glofas-v4-reanalysis-2015-2024
evt:2023-06-16|sunamganj|ENSEMBLE_FLOOD_20230628T120507_VV_AS020M_E039N021T3|ENSEMBLE_FLOOD_20230710T120508_VV_AS020M_E039N021T3,2023-06-28T12:05:07Z,2023-06-28T00:00:00Z,12.085277777777778,glofas-reanalysis-open-meteo,MODELLED_STATE,FRESH,sunamganj,26.73,0,phase6.9a-hydro-t0-v1,open-meteo-glofas-v4-reanalysis-2015-2024
evt:2023-06-16|sunamganj|ENSEMBLE_FLOOD_20230710T120508_VV_AS020M_E039N021T3|ENSEMBLE_FLOOD_20230722T120509_VV_AS020M_E039N021T3,2023-07-10T12:05:08Z,2023-07-10T00:00:00Z,12.085555555555555,glofas-reanalysis-open-meteo,MODELLED_STATE,FRESH,sunamganj,33.36,0,phase6.9a-hydro-t0-v1,open-meteo-glofas-v4-reanalysis-2015-2024
evt:2023-06-16|sunamganj|ENSEMBLE_FLOOD_20230722T120509_VV_AS020M_E039N021T3|ENSEMBLE_FLOOD_20230803T120510_VV_AS020M_E039N021T3,2023-07-22T12:05:09Z,2023-07-22T00:00:00Z,12.085833333333333,glofas-reanalysis-open-meteo,MODELLED_STATE,FRESH,sunamganj,30.99,0,phase6.9a-hydro-t0-v1,open-meteo-glofas-v4-reanalysis-2015-2024
evt:2023-06-16|sunamganj|ENSEMBLE_FLOOD_20230803T120510_VV_AS020M_E039N021T3|ENSEMBLE_FLOOD_20230815T120510_VV_AS020M_E039N021T3,2023-08-03T12:05:10Z,2023-08-03T00:00:00Z,12.08611111111111,glofas-reanalysis-open-meteo,MODELLED_STATE,FRESH,sunamganj,27.64,0,phase6.9a-hydro-t0-v1,open-meteo-glofas-v4-reanalysis-2015-2024
evt:2024-06-22|dhaka_ne|ENSEMBLE_FLOOD_20240622T120508_VV_AS020M_E039N021T3|ENSEMBLE_FLOOD_20240704T120507_VV_AS020M_E039N021T3,2024-06-22T12:05:08Z,2024-06-22T00:00:00Z,12.085555555555555,glofas-reanalysis-open-meteo,MODELLED_STATE,FRESH,dhaka,44.19,0,phase6.9a-hydro-t0-v1,open-meteo-glofas-v4-reanalysis-2015-2024
evt:2024-06-22|dhaka_ne|ENSEMBLE_FLOOD_20240704T120507_VV_AS020M_E039N021T3|ENSEMBLE_FLOOD_20240716T120507_VV_AS020M_E039N021T3,2024-07-04T12:05:07Z,2024-07-04T00:00:00Z,12.085277777777778,glofas-reanalysis-open-meteo,MODELLED_STATE,FRESH,dhaka,58.57,0,phase6.9a-hydro-t0-v1,open-meteo-glofas-v4-reanalysis-2015-2024
evt:2024-06-22|dhaka_ne|ENSEMBLE_FLOOD_20240716T120507_VV_AS020M_E039N021T3|ENSEMBLE_FLOOD_20240728T120506_VV_AS020M_E039N021T3,2024-07-16T12:05:07Z,2024-07-16T00:00:00Z,12.085277777777778,glofas-reanalysis-open-meteo,MODELLED_STATE,FRESH,dhaka,31.14,0,phase6.9a-hydro-t0-v1,open-meteo-glofas-v4-reanalysis-2015-2024
evt:2024-06-22|dhaka_ne|ENSEMBLE_FLOOD_20240728T120506_VV_AS020M_E039N021T3|ENSEMBLE_FLOOD_20240809T120506_VV_AS020M_E039N021T3,2024-07-28T12:05:06Z,2024-07-28T00:00:00Z,12.085,glofas-reanalysis-open-meteo,MODELLED_STATE,FRESH,dhaka,26.16,0,phase6.9a-hydro-t0-v1,open-meteo-glofas-v4-reanalysis-2015-2024
evt:2024-06-22|dhaka_nw|ENSEMBLE_FLOOD_20240622T120508_VV_AS020M_E039N021T3|ENSEMBLE_FLOOD_20240704T120507_VV_AS020M_E039N021T3,2024-06-22T12:05:08Z,2024-06-22T00:00:00Z,12.085555555555555,glofas-reanalysis-open-meteo,MODELLED_STATE,FRESH,dhaka,44.19,0,phase6.9a-hydro-t0-v1,open-meteo-glofas-v4-reanalysis-2015-2024
evt:2024-06-22|dhaka_nw|ENSEMBLE_FLOOD_20240704T120507_VV_AS020M_E039N021T3|ENSEMBLE_FLOOD_20240716T120507_VV_AS020M_E039N021T3,2024-07-04T12:05:07Z,2024-07-04T00:00:00Z,12.085277777777778,glofas-reanalysis-open-meteo,MODELLED_STATE,FRESH,dhaka,58.57,0,phase6.9a-hydro-t0-v1,open-meteo-glofas-v4-reanalysis-2015-2024
evt:2024-06-22|dhaka_nw|ENSEMBLE_FLOOD_20240716T120507_VV_AS020M_E039N021T3|ENSEMBLE_FLOOD_20240728T120506_VV_AS020M_E039N021T3,2024-07-16T12:05:07Z,2024-07-16T00:00:00Z,12.085277777777778,glofas-reanalysis-open-meteo,MODELLED_STATE,FRESH,dhaka,31.14,0,phase6.9a-hydro-t0-v1,open-meteo-glofas-v4-reanalysis-2015-2024
evt:2024-06-22|dhaka_nw|ENSEMBLE_FLOOD_20240728T120506_VV_AS020M_E039N021T3|ENSEMBLE_FLOOD_20240809T120506_VV_AS020M_E039N021T3,2024-07-28T12:05:06Z,2024-07-28T00:00:00Z,12.085,glofas-reanalysis-open-meteo,MODELLED_STATE,FRESH,dhaka,26.16,0,phase6.9a-hydro-t0-v1,open-meteo-glofas-v4-reanalysis-2015-2024
evt:2024-06-22|dhaka_se|ENSEMBLE_FLOOD_20240624T235631_VV_AS020M_E039N021T3|ENSEMBLE_FLOOD_20240811T235630_VV_AS020M_E039N021T3,2024-06-24T23:56:31Z,2024-06-24T00:00:00Z,23.941944444444445,glofas-reanalysis-open-meteo,MODELLED_STATE,FRESH,dhaka,23.32,0,phase6.9a-hydro-t0-v1,open-meteo-glofas-v4-reanalysis-2015-2024
evt:2024-06-22|dhaka_sw|ENSEMBLE_FLOOD_20240624T235631_VV_AS020M_E039N021T3|ENSEMBLE_FLOOD_20240811T235630_VV_AS020M_E039N021T3,2024-06-24T23:56:31Z,2024-06-24T00:00:00Z,23.941944444444445,glofas-reanalysis-open-meteo,MODELLED_STATE,FRESH,dhaka,23.32,0,phase6.9a-hydro-t0-v1,open-meteo-glofas-v4-reanalysis-2015-2024
evt:2024-06-22|kishoreganj|ENSEMBLE_FLOOD_20240622T120508_VV_AS020M_E039N021T3|ENSEMBLE_FLOOD_20240704T120507_VV_AS020M_E039N021T3,2024-06-22T12:05:08Z,2024-06-22T00:00:00Z,12.085555555555555,glofas-reanalysis-open-meteo,MODELLED_STATE,FRESH,sunamganj,52.33,0,phase6.9a-hydro-t0-v1,open-meteo-glofas-v4-reanalysis-2015-2024
evt:2024-06-22|kishoreganj|ENSEMBLE_FLOOD_20240704T120507_VV_AS020M_E039N021T3|ENSEMBLE_FLOOD_20240716T120507_VV_AS020M_E039N021T3,2024-07-04T12:05:07Z,2024-07-04T00:00:00Z,12.085277777777778,glofas-reanalysis-open-meteo,MODELLED_STATE,FRESH,sunamganj,60.09,0,phase6.9a-hydro-t0-v1,open-meteo-glofas-v4-reanalysis-2015-2024
evt:2024-06-22|kishoreganj|ENSEMBLE_FLOOD_20240716T120507_VV_AS020M_E039N021T3|ENSEMBLE_FLOOD_20240728T120506_VV_AS020M_E039N021T3,2024-07-16T12:05:07Z,2024-07-16T00:00:00Z,12.085277777777778,glofas-reanalysis-open-meteo,MODELLED_STATE,FRESH,sunamganj,56.68,0,phase6.9a-hydro-t0-v1,open-meteo-glofas-v4-reanalysis-2015-2024
evt:2024-06-22|kishoreganj|ENSEMBLE_FLOOD_20240728T120506_VV_AS020M_E039N021T3|ENSEMBLE_FLOOD_20240809T120506_VV_AS020M_E039N021T3,2024-07-28T12:05:06Z,2024-07-28T00:00:00Z,12.085,glofas-reanalysis-open-meteo,MODELLED_STATE,FRESH,sunamganj,51.12,0,phase6.9a-hydro-t0-v1,open-meteo-glofas-v4-reanalysis-2015-2024
evt:2024-06-22|netrokona|ENSEMBLE_FLOOD_20240622T120508_VV_AS020M_E039N021T3|ENSEMBLE_FLOOD_20240704T120507_VV_AS020M_E039N021T3,2024-06-22T12:05:08Z,2024-06-22T00:00:00Z,12.085555555555555,glofas-reanalysis-open-meteo,MODELLED_STATE,FRESH,sunamganj,52.33,0,phase6.9a-hydro-t0-v1,open-meteo-glofas-v4-reanalysis-2015-2024
evt:2024-06-22|netrokona|ENSEMBLE_FLOOD_20240704T120507_VV_AS020M_E039N021T3|ENSEMBLE_FLOOD_20240716T120507_VV_AS020M_E039N021T3,2024-07-04T12:05:07Z,2024-07-04T00:00:00Z,12.085277777777778,glofas-reanalysis-open-meteo,MODELLED_STATE,FRESH,sunamganj,60.09,0,phase6.9a-hydro-t0-v1,open-meteo-glofas-v4-reanalysis-2015-2024
evt:2024-06-22|netrokona|ENSEMBLE_FLOOD_20240716T120507_VV_AS020M_E039N021T3|ENSEMBLE_FLOOD_20240728T120506_VV_AS020M_E039N021T3,2024-07-16T12:05:07Z,2024-07-16T00:00:00Z,12.085277777777778,glofas-reanalysis-open-meteo,MODELLED_STATE,FRESH,sunamganj,56.68,0,phase6.9a-hydro-t0-v1,open-meteo-glofas-v4-reanalysis-2015-2024
evt:2024-06-22|netrokona|ENSEMBLE_FLOOD_20240728T120506_VV_AS020M_E039N021T3|ENSEMBLE_FLOOD_20240809T120506_VV_AS020M_E039N021T3,2024-07-28T12:05:06Z,2024-07-28T00:00:00Z,12.085,glofas-reanalysis-open-meteo,MODELLED_STATE,FRESH,sunamganj,51.12,0,phase6.9a-hydro-t0-v1,open-meteo-glofas-v4-reanalysis-2015-2024
evt:2024-06-22|sunamganj|ENSEMBLE_FLOOD_20240622T120508_VV_AS020M_E039N021T3|ENSEMBLE_FLOOD_20240704T120507_VV_AS020M_E039N021T3,2024-06-22T12:05:08Z,2024-06-22T00:00:00Z,12.085555555555555,glofas-reanalysis-open-meteo,MODELLED_STATE,FRESH,sunamganj,52.33,0,phase6.9a-hydro-t0-v1,open-meteo-glofas-v4-reanalysis-2015-2024
evt:2024-06-22|sunamganj|ENSEMBLE_FLOOD_20240704T120507_VV_AS020M_E039N021T3|ENSEMBLE_FLOOD_20240716T120507_VV_AS020M_E039N021T3,2024-07-04T12:05:07Z,2024-07-04T00:00:00Z,12.085277777777778,glofas-reanalysis-open-meteo,MODELLED_STATE,FRESH,sunamganj,60.09,0,phase6.9a-hydro-t0-v1,open-meteo-glofas-v4-reanalysis-2015-2024
evt:2024-06-22|sunamganj|ENSEMBLE_FLOOD_20240716T120507_VV_AS020M_E039N021T3|ENSEMBLE_FLOOD_20240728T120506_VV_AS020M_E039N021T3,2024-07-16T12:05:07Z,2024-07-16T00:00:00Z,12.085277777777778,glofas-reanalysis-open-meteo,MODELLED_STATE,FRESH,sunamganj,56.68,0,phase6.9a-hydro-t0-v1,open-meteo-glofas-v4-reanalysis-2015-2024
evt:2024-06-22|sunamganj|ENSEMBLE_FLOOD_20240728T120506_VV_AS020M_E039N021T3|ENSEMBLE_FLOOD_20240809T120506_VV_AS020M_E039N021T3,2024-07-28T12:05:06Z,2024-07-28T00:00:00Z,12.085,glofas-reanalysis-open-meteo,MODELLED_STATE,FRESH,sunamganj,51.12,0,phase6.9a-hydro-t0-v1,open-meteo-glofas-v4-reanalysis-2015-2024
