pair_id,event_id,city_id,year,t0,t1,delta_t_hours,delta_t_days,delta_t_bucket,forecast_forcing_available,forecast_coverage_fraction,forecast_status,obs_in_horizon_coverage,obs_in_horizon_availability,hydrological_state_availability,label_valid_fraction,unknown_fraction,new_flood_fraction
evt:2015-07-11|dhaka_ne|ENSEMBLE_FLOOD_20150716T120417_VV_AS020M_E039N021T3|ENSEMBLE_FLOOD_20150809T120418_VV_AS020M_E039N021T3,evt:2015-07-11,dhaka_ne,2015,2015-07-16T12:04:17Z,2015-08-09T12:04:18Z,576.0002777777778,24.000011574074076,21+ days,False,0.0,UNAVAILABLE,0.0,POST-T0 OBSERVATION,POST_T0,0.740966796875,0.259033203125,0.003624382207578254
evt:2015-07-11|dhaka_nw|ENSEMBLE_FLOOD_20150716T120417_VV_AS020M_E039N021T3|ENSEMBLE_FLOOD_20150809T120418_VV_AS020M_E039N021T3,evt:2015-07-11,dhaka_nw,2015,2015-07-16T12:04:17Z,2015-08-09T12:04:18Z,576.0002777777778,24.000011574074076,21+ days,False,0.0,UNAVAILABLE,0.0,POST-T0 OBSERVATION,POST_T0,0.94775390625,0.05224609375,0.0020607934054611026
evt:2015-07-11|kishoreganj|ENSEMBLE_FLOOD_20150711T115614_VV_AS020M_E039N021T3|ENSEMBLE_FLOOD_20150716T120417_VV_AS020M_E039N021T3,evt:2015-07-11,kishoreganj,2015,2015-07-11T11:56:14Z,2015-07-16T12:04:17Z,120.13416666666667,5.005590277777778,4-7 days,False,0.0,UNAVAILABLE,0.0,POST-T0 OBSERVATION,CAUSAL_BUT_STALE,0.267333984375,0.732666015625,0.04200913242009133
evt:2015-07-11|kishoreganj|ENSEMBLE_FLOOD_20150716T120417_VV_AS020M_E039N021T3|ENSEMBLE_FLOOD_20150809T120418_VV_AS020M_E039N021T3,evt:2015-07-11,kishoreganj,2015,2015-07-16T12:04:17Z,2015-08-09T12:04:18Z,576.0002777777778,24.000011574074076,21+ days,False,0.0,UNAVAILABLE,0.0,POST-T0 OBSERVATION,POST_T0,1.0,0.0,0.009765625
evt:2015-07-11|netrokona|ENSEMBLE_FLOOD_20150711T115614_VV_AS020M_E039N021T3|ENSEMBLE_FLOOD_20150716T120417_VV_AS020M_E039N021T3,evt:2015-07-11,netrokona,2015,2015-07-11T11:56:14Z,2015-07-16T12:04:17Z,120.13416666666667,5.005590277777778,4-7 days,False,0.0,UNAVAILABLE,0.0,POST-T0 OBSERVATION,CAUSAL_BUT_STALE,0.42919921875,0.57080078125,0.0011376564277588168
evt:2015-07-11|netrokona|ENSEMBLE_FLOOD_20150716T120417_VV_AS020M_E039N021T3|ENSEMBLE_FLOOD_20150809T120418_VV_AS020M_E039N021T3,evt:2015-07-11,netrokona,2015,2015-07-16T12:04:17Z,2015-08-09T12:04:18Z,576.0002777777778,24.000011574074076,21+ days,False,0.0,UNAVAILABLE,0.0,POST-T0 OBSERVATION,POST_T0,1.0,0.0,0.003173828125
evt:2015-07-11|sunamganj|ENSEMBLE_FLOOD_20150711T115614_VV_AS020M_E039N021T3|ENSEMBLE_FLOOD_20150716T120417_VV_AS020M_E039N021T3,evt:2015-07-11,sunamganj,2015,2015-07-11T11:56:14Z,2015-07-16T12:04:17Z,120.13416666666667,5.005590277777778,4-7 days,False,0.0,UNAVAILABLE,0.0,POST-T0 OBSERVATION,CAUSAL_BUT_STALE,0.68115234375,0.31884765625,0.0007168458781362007
evt:2015-07-11|sunamganj|ENSEMBLE_FLOOD_20150716T120417_VV_AS020M_E039N021T3|ENSEMBLE_FLOOD_20150809T120418_VV_AS020M_E039N021T3,evt:2015-07-11,sunamganj,2015,2015-07-16T12:04:17Z,2015-08-09T12:04:18Z,576.0002777777778,24.000011574074076,21+ days,False,0.0,UNAVAILABLE,0.0,POST-T0 OBSERVATION,POST_T0,0.68115234375,0.31884765625,0.0032258064516129032
evt:2016-06-30|dhaka_sw|ENSEMBLE_FLOOD_20160630T235553_VV_AS020M_E039N021T3|ENSEMBLE_FLOOD_20160724T235554_VV_AS020M_E039N021T3,evt:2016-06-30,dhaka_sw,2016,2016-06-30T23:55:53Z,2016-07-24T23:55:54Z,576.0002777777778,24.000011574074076,21+ days,False,0.0,UNAVAILABLE,1.0,POST-T0 OBSERVATION,POST_T0,0.11328125,0.88671875,0.004310344827586207
evt:2016-06-30|dhaka_sw|ENSEMBLE_FLOOD_20160724T235554_VV_AS020M_E039N021T3|ENSEMBLE_FLOOD_20160817T235556_VV_AS020M_E039N021T3,evt:2016-06-30,dhaka_sw,2016,2016-07-24T23:55:54Z,2016-08-17T23:55:56Z,576.0005555555556,24.00002314814815,21+ days,False,0.0,UNAVAILABLE,1.0,POST-T0 OBSERVATION,POST_T0,0.11328125,0.88671875,0.00646551724137931
evt:2017-04-12|dhaka_ne|ENSEMBLE_FLOOD_20170412T120427_VV_AS020M_E039N021T3|ENSEMBLE_FLOOD_20170424T120428_VV_AS020M_E039N021T3,evt:2017-04-12,dhaka_ne,2017,2017-04-12T12:04:27Z,2017-04-24T12:04:28Z,288.0002777777778,12.000011574074074,10-14 days,False,0.0,UNAVAILABLE,1.0,POST-T0 OBSERVATION,POST_T0,0.1142578125,0.8857421875,0.0
evt:2017-04-12|dhaka_ne|ENSEMBLE_FLOOD_20170424T120428_VV_AS020M_E039N021T3|ENSEMBLE_FLOOD_20170506T120428_VV_AS020M_E039N021T3,evt:2017-04-12,dhaka_ne,2017,2017-04-24T12:04:28Z,2017-05-06T12:04:28Z,288.0,12.0,10-14 days,False,0.0,UNAVAILABLE,1.0,POST-T0 OBSERVATION,POST_T0,0.113525390625,0.886474609375,0.03870967741935484
evt:2017-04-12|dhaka_ne|ENSEMBLE_FLOOD_20170506T120428_VV_AS020M_E039N021T3|ENSEMBLE_FLOOD_20170518T120429_VV_AS020M_E039N021T3,evt:2017-04-12,dhaka_ne,2017,2017-05-06T12:04:28Z,2017-05-18T12:04:29Z,288.0002777777778,12.000011574074074,10-14 days,False,0.0,UNAVAILABLE,1.0,POST-T0 OBSERVATION,POST_T0,0.113525390625,0.886474609375,0.012903225806451613
evt:2017-04-12|dhaka_nw|ENSEMBLE_FLOOD_20170412T120427_VV_AS020M_E039N021T3|ENSEMBLE_FLOOD_20170424T120428_VV_AS020M_E039N021T3,evt:2017-04-12,dhaka_nw,2017,2017-04-12T12:04:27Z,2017-04-24T12:04:28Z,288.0002777777778,12.000011574074074,10-14 days,False,0.0,UNAVAILABLE,1.0,POST-T0 OBSERVATION,POST_T0,0.327880859375,0.672119140625,0.0
evt:2017-04-12|dhaka_nw|ENSEMBLE_FLOOD_20170424T120428_VV_AS020M_E039N021T3|ENSEMBLE_FLOOD_20170506T120428_VV_AS020M_E039N021T3,evt:2017-04-12,dhaka_nw,2017,2017-04-24T12:04:28Z,2017-05-06T12:04:28Z,288.0,12.0,10-14 days,False,0.0,UNAVAILABLE,1.0,POST-T0 OBSERVATION,POST_T0,0.3271484375,0.6728515625,0.0007462686567164179
evt:2017-04-12|dhaka_nw|ENSEMBLE_FLOOD_20170506T120428_VV_AS020M_E039N021T3|ENSEMBLE_FLOOD_20170518T120429_VV_AS020M_E039N021T3,evt:2017-04-12,dhaka_nw,2017,2017-05-06T12:04:28Z,2017-05-18T12:04:29Z,288.0002777777778,12.000011574074074,10-14 days,False,0.0,UNAVAILABLE,1.0,POST-T0 OBSERVATION,POST_T0,0.3271484375,0.6728515625,0.0
evt:2017-04-12|dhaka_se|ENSEMBLE_FLOOD_20170414T235551_VV_AS020M_E039N021T3|ENSEMBLE_FLOOD_20170426T235551_VV_AS020M_E039N021T3,evt:2017-04-12,dhaka_se,2017,2017-04-14T23:55:51Z,2017-04-26T23:55:51Z,288.0,12.0,10-14 days,False,0.0,UNAVAILABLE,1.0,POST-T0 OBSERVATION,POST_T0,0.59765625,0.40234375,0.0016339869281045752
evt:2017-04-12|dhaka_se|ENSEMBLE_FLOOD_20170426T235551_VV_AS020M_E039N021T3|ENSEMBLE_FLOOD_20170508T235552_VV_AS020M_E039N021T3,evt:2017-04-12,dhaka_se,2017,2017-04-26T23:55:51Z,2017-05-08T23:55:52Z,288.0002777777778,12.000011574074074,10-14 days,False,0.0,UNAVAILABLE,1.0,POST-T0 OBSERVATION,POST_T0,0.59765625,0.40234375,0.0
evt:2017-04-12|dhaka_se|ENSEMBLE_FLOOD_20170508T235552_VV_AS020M_E039N021T3|ENSEMBLE_FLOOD_20170520T235553_VV_AS020M_E039N021T3,evt:2017-04-12,dhaka_se,2017,2017-05-08T23:55:52Z,2017-05-20T23:55:53Z,288.0002777777778,12.000011574074074,10-14 days,False,0.0,UNAVAILABLE,1.0,POST-T0 OBSERVATION,POST_T0,0.59765625,0.40234375,0.0
evt:2017-04-12|dhaka_sw|ENSEMBLE_FLOOD_20170414T235551_VV_AS020M_E039N021T3|ENSEMBLE_FLOOD_20170426T235551_VV_AS020M_E039N021T3,evt:2017-04-12,dhaka_sw,2017,2017-04-14T23:55:51Z,2017-04-26T23:55:51Z,288.0,12.0,10-14 days,False,0.0,UNAVAILABLE,1.0,POST-T0 OBSERVATION,POST_T0,0.81689453125,0.18310546875,0.0
evt:2017-04-12|dhaka_sw|ENSEMBLE_FLOOD_20170426T235551_VV_AS020M_E039N021T3|ENSEMBLE_FLOOD_20170508T235552_VV_AS020M_E039N021T3,evt:2017-04-12,dhaka_sw,2017,2017-04-26T23:55:51Z,2017-05-08T23:55:52Z,288.0002777777778,12.000011574074074,10-14 days,False,0.0,UNAVAILABLE,1.0,POST-T0 OBSERVATION,POST_T0,0.81689453125,0.18310546875,0.0
evt:2017-04-12|dhaka_sw|ENSEMBLE_FLOOD_20170508T235552_VV_AS020M_E039N021T3|ENSEMBLE_FLOOD_20170520T235553_VV_AS020M_E039N021T3,evt:2017-04-12,dhaka_sw,2017,2017-05-08T23:55:52Z,2017-05-20T23:55:53Z,288.0002777777778,12.000011574074074,10-14 days,False,0.0,UNAVAILABLE,1.0,POST-T0 OBSERVATION,POST_T0,0.81689453125,0.18310546875,0.0
evt:2017-04-12|kishoreganj|ENSEMBLE_FLOOD_20170412T120427_VV_AS020M_E039N021T3|ENSEMBLE_FLOOD_20170424T120428_VV_AS020M_E039N021T3,evt:2017-04-12,kishoreganj,2017,2017-04-12T12:04:27Z,2017-04-24T12:04:28Z,288.0002777777778,12.000011574074074,10-14 days,False,0.0,UNAVAILABLE,1.0,POST-T0 OBSERVATION,POST_T0,1.0,0.0,0.178466796875
evt:2017-04-12|kishoreganj|ENSEMBLE_FLOOD_20170424T120428_VV_AS020M_E039N021T3|ENSEMBLE_FLOOD_20170506T120428_VV_AS020M_E039N021T3,evt:2017-04-12,kishoreganj,2017,2017-04-24T12:04:28Z,2017-05-06T12:04:28Z,288.0,12.0,10-14 days,False,0.0,UNAVAILABLE,1.0,POST-T0 OBSERVATION,POST_T0,1.0,0.0,0.040771484375
evt:2017-04-12|kishoreganj|ENSEMBLE_FLOOD_20170506T120428_VV_AS020M_E039N021T3|ENSEMBLE_FLOOD_20170518T120429_VV_AS020M_E039N021T3,evt:2017-04-12,kishoreganj,2017,2017-05-06T12:04:28Z,2017-05-18T12:04:29Z,288.0002777777778,12.000011574074074,10-14 days,False,0.0,UNAVAILABLE,1.0,POST-T0 OBSERVATION,POST_T0,1.0,0.0,0.002685546875
evt:2017-04-12|netrokona|ENSEMBLE_FLOOD_20170412T120427_VV_AS020M_E039N021T3|ENSEMBLE_FLOOD_20170424T120428_VV_AS020M_E039N021T3,evt:2017-04-12,netrokona,2017,2017-04-12T12:04:27Z,2017-04-24T12:04:28Z,288.0002777777778,12.000011574074074,10-14 days,False,0.0,UNAVAILABLE,1.0,POST-T0 OBSERVATION,POST_T0,1.0,0.0,0.0576171875
evt:2017-04-12|netrokona|ENSEMBLE_FLOOD_20170424T120428_VV_AS020M_E039N021T3|ENSEMBLE_FLOOD_20170506T120428_VV_AS020M_E039N021T3,evt:2017-04-12,netrokona,2017,2017-04-24T12:04:28Z,2017-05-06T12:04:28Z,288.0,12.0,10-14 days,False,0.0,UNAVAILABLE,1.0,POST-T0 OBSERVATION,POST_T0,1.0,0.0,0.015869140625
evt:2017-04-12|netrokona|ENSEMBLE_FLOOD_20170506T120428_VV_AS020M_E039N021T3|ENSEMBLE_FLOOD_20170518T120429_VV_AS020M_E039N021T3,evt:2017-04-12,netrokona,2017,2017-05-06T12:04:28Z,2017-05-18T12:04:29Z,288.0002777777778,12.000011574074074,10-14 days,False,0.0,UNAVAILABLE,1.0,POST-T0 OBSERVATION,POST_T0,1.0,0.0,0.001953125
evt:2017-04-12|sunamganj|ENSEMBLE_FLOOD_20170412T120427_VV_AS020M_E039N021T3|ENSEMBLE_FLOOD_20170424T120428_VV_AS020M_E039N021T3,evt:2017-04-12,sunamganj,2017,2017-04-12T12:04:27Z,2017-04-24T12:04:28Z,288.0002777777778,12.000011574074074,10-14 days,False,0.0,UNAVAILABLE,1.0,POST-T0 OBSERVATION,POST_T0,0.676513671875,0.323486328125,0.1966798989534464
evt:2017-04-12|sunamganj|ENSEMBLE_FLOOD_20170424T120428_VV_AS020M_E039N021T3|ENSEMBLE_FLOOD_20170506T120428_VV_AS020M_E039N021T3,evt:2017-04-12,sunamganj,2017,2017-04-24T12:04:28Z,2017-05-06T12:04:28Z,288.0,12.0,10-14 days,False,0.0,UNAVAILABLE,1.0,POST-T0 OBSERVATION,POST_T0,0.6796875,0.3203125,0.1591235632183908
evt:2017-04-12|sunamganj|ENSEMBLE_FLOOD_20170506T120428_VV_AS020M_E039N021T3|ENSEMBLE_FLOOD_20170518T120429_VV_AS020M_E039N021T3,evt:2017-04-12,sunamganj,2017,2017-05-06T12:04:28Z,2017-05-18T12:04:29Z,288.0002777777778,12.000011574074074,10-14 days,False,0.0,UNAVAILABLE,1.0,POST-T0 OBSERVATION,POST_T0,0.679931640625,0.320068359375,0.0010771992818671453
evt:2017-07-31|dhaka_ne|ENSEMBLE_FLOOD_20170810T120434_VV_AS020M_E039N021T3|ENSEMBLE_FLOOD_20170822T120434_VV_AS020M_E039N021T3,evt:2017-07-31,dhaka_ne,2017,2017-08-10T12:04:34Z,2017-08-22T12:04:34Z,288.0,12.0,10-14 days,False,0.0,UNAVAILABLE,1.0,POST-T0 OBSERVATION,POST_T0,0.1142578125,0.8857421875,0.01282051282051282
evt:2017-07-31|dhaka_nw|ENSEMBLE_FLOOD_20170810T120434_VV_AS020M_E039N021T3|ENSEMBLE_FLOOD_20170822T120434_VV_AS020M_E039N021T3,evt:2017-07-31,dhaka_nw,2017,2017-08-10T12:04:34Z,2017-08-22T12:04:34Z,288.0,12.0,10-14 days,False,0.0,UNAVAILABLE,1.0,POST-T0 OBSERVATION,POST_T0,0.327880859375,0.672119140625,0.09233060312732688
evt:2017-07-31|dhaka_se|ENSEMBLE_FLOOD_20170731T235557_VV_AS020M_E039N021T3|ENSEMBLE_FLOOD_20170812T235557_VV_AS020M_E039N021T3,evt:2017-07-31,dhaka_se,2017,2017-07-31T23:55:57Z,2017-08-12T23:55:57Z,288.0,12.0,10-14 days,False,0.0,UNAVAILABLE,1.0,POST-T0 OBSERVATION,POST_T0,0.5654296875,0.4345703125,0.0
evt:2017-07-31|dhaka_se|ENSEMBLE_FLOOD_20170812T235557_VV_AS020M_E039N021T3|ENSEMBLE_FLOOD_20170824T235558_VV_AS020M_E039N021T3,evt:2017-07-31,dhaka_se,2017,2017-08-12T23:55:57Z,2017-08-24T23:55:58Z,288.0002777777778,12.000011574074074,10-14 days,False,0.0,UNAVAILABLE,1.0,POST-T0 OBSERVATION,POST_T0,0.597412109375,0.402587890625,0.004086636697997548
evt:2017-07-31|dhaka_sw|ENSEMBLE_FLOOD_20170731T235557_VV_AS020M_E039N021T3|ENSEMBLE_FLOOD_20170812T235557_VV_AS020M_E039N021T3,evt:2017-07-31,dhaka_sw,2017,2017-07-31T23:55:57Z,2017-08-12T23:55:57Z,288.0,12.0,10-14 days,False,0.0,UNAVAILABLE,1.0,POST-T0 OBSERVATION,POST_T0,0.703857421875,0.296142578125,0.001387443635102324
evt:2017-07-31|dhaka_sw|ENSEMBLE_FLOOD_20170812T235557_VV_AS020M_E039N021T3|ENSEMBLE_FLOOD_20170824T235558_VV_AS020M_E039N021T3,evt:2017-07-31,dhaka_sw,2017,2017-08-12T23:55:57Z,2017-08-24T23:55:58Z,288.0002777777778,12.000011574074074,10-14 days,False,0.0,UNAVAILABLE,1.0,POST-T0 OBSERVATION,POST_T0,0.81640625,0.18359375,0.012858851674641148
evt:2017-07-31|kishoreganj|ENSEMBLE_FLOOD_20170810T120434_VV_AS020M_E039N021T3|ENSEMBLE_FLOOD_20170822T120434_VV_AS020M_E039N021T3,evt:2017-07-31,kishoreganj,2017,2017-08-10T12:04:34Z,2017-08-22T12:04:34Z,288.0,12.0,10-14 days,False,0.0,UNAVAILABLE,1.0,POST-T0 OBSERVATION,POST_T0,1.0,0.0,0.038818359375
evt:2017-07-31|netrokona|ENSEMBLE_FLOOD_20170810T120434_VV_AS020M_E039N021T3|ENSEMBLE_FLOOD_20170822T120434_VV_AS020M_E039N021T3,evt:2017-07-31,netrokona,2017,2017-08-10T12:04:34Z,2017-08-22T12:04:34Z,288.0,12.0,10-14 days,False,0.0,UNAVAILABLE,1.0,POST-T0 OBSERVATION,POST_T0,1.0,0.0,0.0888671875
evt:2017-07-31|sunamganj|ENSEMBLE_FLOOD_20170810T120434_VV_AS020M_E039N021T3|ENSEMBLE_FLOOD_20170822T120434_VV_AS020M_E039N021T3,evt:2017-07-31,sunamganj,2017,2017-08-10T12:04:34Z,2017-08-22T12:04:34Z,288.0,12.0,10-14 days,False,0.0,UNAVAILABLE,1.0,POST-T0 OBSERVATION,POST_T0,0.683837890625,0.316162109375,0.02820421278114959
evt:2018-01-13|dhaka_ne|ENSEMBLE_FLOOD_20180113T120433_VV_AS020M_E039N021T3|ENSEMBLE_FLOOD_20180125T120433_VV_AS020M_E039N021T3,evt:2018-01-13,dhaka_ne,2018,2018-01-13T12:04:33Z,2018-01-25T12:04:33Z,288.0,12.0,10-14 days,False,0.0,UNAVAILABLE,1.0,POST-T0 OBSERVATION,POST_T0,0.1142578125,0.8857421875,0.0
evt:2018-01-13|dhaka_nw|ENSEMBLE_FLOOD_20180113T120433_VV_AS020M_E039N021T3|ENSEMBLE_FLOOD_20180125T120433_VV_AS020M_E039N021T3,evt:2018-01-13,dhaka_nw,2018,2018-01-13T12:04:33Z,2018-01-25T12:04:33Z,288.0,12.0,10-14 days,False,0.0,UNAVAILABLE,1.0,POST-T0 OBSERVATION,POST_T0,0.327880859375,0.672119140625,0.0
evt:2018-01-13|kishoreganj|ENSEMBLE_FLOOD_20180113T120433_VV_AS020M_E039N021T3|ENSEMBLE_FLOOD_20180125T120433_VV_AS020M_E039N021T3,evt:2018-01-13,kishoreganj,2018,2018-01-13T12:04:33Z,2018-01-25T12:04:33Z,288.0,12.0,10-14 days,False,0.0,UNAVAILABLE,1.0,POST-T0 OBSERVATION,POST_T0,1.0,0.0,0.0
evt:2018-01-13|netrokona|ENSEMBLE_FLOOD_20180113T120433_VV_AS020M_E039N021T3|ENSEMBLE_FLOOD_20180125T120433_VV_AS020M_E039N021T3,evt:2018-01-13,netrokona,2018,2018-01-13T12:04:33Z,2018-01-25T12:04:33Z,288.0,12.0,10-14 days,False,0.0,UNAVAILABLE,1.0,POST-T0 OBSERVATION,POST_T0,1.0,0.0,0.000244140625
evt:2018-01-13|sunamganj|ENSEMBLE_FLOOD_20180113T120433_VV_AS020M_E039N021T3|ENSEMBLE_FLOOD_20180125T120433_VV_AS020M_E039N021T3,evt:2018-01-13,sunamganj,2018,2018-01-13T12:04:33Z,2018-01-25T12:04:33Z,288.0,12.0,10-14 days,False,0.0,UNAVAILABLE,1.0,POST-T0 OBSERVATION,POST_T0,0.682373046875,0.317626953125,0.0
evt:2018-06-06|dhaka_ne|ENSEMBLE_FLOOD_20180606T120436_VV_AS020M_E039N021T3|ENSEMBLE_FLOOD_20180618T120437_VV_AS020M_E039N021T3,evt:2018-06-06,dhaka_ne,2018,2018-06-06T12:04:36Z,2018-06-18T12:04:37Z,288.0002777777778,12.000011574074074,10-14 days,False,0.0,UNAVAILABLE,1.0,POST-T0 OBSERVATION,POST_T0,0.1142578125,0.8857421875,0.002136752136752137
evt:2018-06-06|dhaka_nw|ENSEMBLE_FLOOD_20180606T120436_VV_AS020M_E039N021T3|ENSEMBLE_FLOOD_20180618T120437_VV_AS020M_E039N021T3,evt:2018-06-06,dhaka_nw,2018,2018-06-06T12:04:36Z,2018-06-18T12:04:37Z,288.0002777777778,12.000011574074074,10-14 days,False,0.0,UNAVAILABLE,1.0,POST-T0 OBSERVATION,POST_T0,0.327880859375,0.672119140625,0.0
evt:2018-06-06|kishoreganj|ENSEMBLE_FLOOD_20180606T120436_VV_AS020M_E039N021T3|ENSEMBLE_FLOOD_20180618T120437_VV_AS020M_E039N021T3,evt:2018-06-06,kishoreganj,2018,2018-06-06T12:04:36Z,2018-06-18T12:04:37Z,288.0002777777778,12.000011574074074,10-14 days,False,0.0,UNAVAILABLE,1.0,POST-T0 OBSERVATION,POST_T0,1.0,0.0,0.171142578125
evt:2018-06-06|netrokona|ENSEMBLE_FLOOD_20180606T120436_VV_AS020M_E039N021T3|ENSEMBLE_FLOOD_20180618T120437_VV_AS020M_E039N021T3,evt:2018-06-06,netrokona,2018,2018-06-06T12:04:36Z,2018-06-18T12:04:37Z,288.0002777777778,12.000011574074074,10-14 days,False,0.0,UNAVAILABLE,1.0,POST-T0 OBSERVATION,POST_T0,1.0,0.0,0.048583984375
evt:2018-06-06|sunamganj|ENSEMBLE_FLOOD_20180606T120436_VV_AS020M_E039N021T3|ENSEMBLE_FLOOD_20180618T120437_VV_AS020M_E039N021T3,evt:2018-06-06,sunamganj,2018,2018-06-06T12:04:36Z,2018-06-18T12:04:37Z,288.0002777777778,12.000011574074074,10-14 days,False,0.0,UNAVAILABLE,1.0,POST-T0 OBSERVATION,POST_T0,0.679931640625,0.320068359375,0.1450628366247756
evt:2019-01-10|dhaka_ne|ENSEMBLE_FLOOD_20190120T120440_VV_AS020M_E039N021T3|ENSEMBLE_FLOOD_20190201T120440_VV_AS020M_E039N021T3,evt:2019-01-10,dhaka_ne,2019,2019-01-20T12:04:40Z,2019-02-01T12:04:40Z,288.0,12.0,10-14 days,False,0.0,UNAVAILABLE,1.0,POST-T0 OBSERVATION,POST_T0,0.1142578125,0.8857421875,0.0
evt:2019-01-10|dhaka_nw|ENSEMBLE_FLOOD_20190120T120440_VV_AS020M_E039N021T3|ENSEMBLE_FLOOD_20190201T120440_VV_AS020M_E039N021T3,evt:2019-01-10,dhaka_nw,2019,2019-01-20T12:04:40Z,2019-02-01T12:04:40Z,288.0,12.0,10-14 days,False,0.0,UNAVAILABLE,1.0,POST-T0 OBSERVATION,POST_T0,0.327880859375,0.672119140625,0.0
evt:2019-01-10|dhaka_se|ENSEMBLE_FLOOD_20190110T235604_VV_AS020M_E039N021T3|ENSEMBLE_FLOOD_20190122T235603_VV_AS020M_E039N021T3,evt:2019-01-10,dhaka_se,2019,2019-01-10T23:56:04Z,2019-01-22T23:56:03Z,287.9997222222222,11.999988425925926,10-14 days,False,0.0,UNAVAILABLE,1.0,POST-T0 OBSERVATION,POST_T0,0.598388671875,0.401611328125,0.0
evt:2019-01-10|dhaka_se|ENSEMBLE_FLOOD_20190122T235603_VV_AS020M_E039N021T3|ENSEMBLE_FLOOD_20190203T235603_VV_AS020M_E039N021T3,evt:2019-01-10,dhaka_se,2019,2019-01-22T23:56:03Z,2019-02-03T23:56:03Z,288.0,12.0,10-14 days,False,0.0,UNAVAILABLE,1.0,POST-T0 OBSERVATION,POST_T0,0.598388671875,0.401611328125,0.0
evt:2019-01-10|dhaka_sw|ENSEMBLE_FLOOD_20190110T235604_VV_AS020M_E039N021T3|ENSEMBLE_FLOOD_20190122T235603_VV_AS020M_E039N021T3,evt:2019-01-10,dhaka_sw,2019,2019-01-10T23:56:04Z,2019-01-22T23:56:03Z,287.9997222222222,11.999988425925926,10-14 days,False,0.0,UNAVAILABLE,1.0,POST-T0 OBSERVATION,POST_T0,0.8173828125,0.1826171875,0.0
evt:2019-01-10|dhaka_sw|ENSEMBLE_FLOOD_20190122T235603_VV_AS020M_E039N021T3|ENSEMBLE_FLOOD_20190203T235603_VV_AS020M_E039N021T3,evt:2019-01-10,dhaka_sw,2019,2019-01-22T23:56:03Z,2019-02-03T23:56:03Z,288.0,12.0,10-14 days,False,0.0,UNAVAILABLE,1.0,POST-T0 OBSERVATION,POST_T0,0.817138671875,0.182861328125,0.0
evt:2019-01-10|kishoreganj|ENSEMBLE_FLOOD_20190120T120440_VV_AS020M_E039N021T3|ENSEMBLE_FLOOD_20190201T120440_VV_AS020M_E039N021T3,evt:2019-01-10,kishoreganj,2019,2019-01-20T12:04:40Z,2019-02-01T12:04:40Z,288.0,12.0,10-14 days,False,0.0,UNAVAILABLE,1.0,POST-T0 OBSERVATION,POST_T0,1.0,0.0,0.0
evt:2019-01-10|netrokona|ENSEMBLE_FLOOD_20190120T120440_VV_AS020M_E039N021T3|ENSEMBLE_FLOOD_20190201T120440_VV_AS020M_E039N021T3,evt:2019-01-10,netrokona,2019,2019-01-20T12:04:40Z,2019-02-01T12:04:40Z,288.0,12.0,10-14 days,False,0.0,UNAVAILABLE,1.0,POST-T0 OBSERVATION,POST_T0,1.0,0.0,0.0
evt:2019-01-10|sunamganj|ENSEMBLE_FLOOD_20190120T120440_VV_AS020M_E039N021T3|ENSEMBLE_FLOOD_20190201T120440_VV_AS020M_E039N021T3,evt:2019-01-10,sunamganj,2019,2019-01-20T12:04:40Z,2019-02-01T12:04:40Z,288.0,12.0,10-14 days,False,0.0,UNAVAILABLE,1.0,POST-T0 OBSERVATION,POST_T0,0.6796875,0.3203125,0.0
evt:2019-06-15|dhaka_se|ENSEMBLE_FLOOD_20190615T235606_VV_AS020M_E039N021T3|ENSEMBLE_FLOOD_20190627T235607_VV_AS020M_E039N021T3,evt:2019-06-15,dhaka_se,2019,2019-06-15T23:56:06Z,2019-06-27T23:56:07Z,288.0002777777778,12.000011574074074,10-14 days,False,0.0,UNAVAILABLE,1.0,POST-T0 OBSERVATION,POST_T0,0.59765625,0.40234375,0.0008169934640522876
evt:2019-06-15|dhaka_se|ENSEMBLE_FLOOD_20190627T235607_VV_AS020M_E039N021T3|ENSEMBLE_FLOOD_20190709T235608_VV_AS020M_E039N021T3,evt:2019-06-15,dhaka_se,2019,2019-06-27T23:56:07Z,2019-07-09T23:56:08Z,288.0002777777778,12.000011574074074,10-14 days,False,0.0,UNAVAILABLE,1.0,POST-T0 OBSERVATION,POST_T0,0.59765625,0.40234375,0.0012254901960784314
evt:2019-06-15|dhaka_se|ENSEMBLE_FLOOD_20190709T235608_VV_AS020M_E039N021T3|ENSEMBLE_FLOOD_20190721T235609_VV_AS020M_E039N021T3,evt:2019-06-15,dhaka_se,2019,2019-07-09T23:56:08Z,2019-07-21T23:56:09Z,288.0002777777778,12.000011574074074,10-14 days,False,0.0,UNAVAILABLE,1.0,POST-T0 OBSERVATION,POST_T0,0.59765625,0.40234375,0.04656862745098039
evt:2019-06-15|dhaka_se|ENSEMBLE_FLOOD_20190721T235609_VV_AS020M_E039N021T3|ENSEMBLE_FLOOD_20190725T120356_VV_AS020M_E039N021T3,evt:2019-06-15,dhaka_se,2019,2019-07-21T23:56:09Z,2019-07-25T12:03:56Z,84.12972222222223,3.505405092592593,2-4 days,False,0.0,UNAVAILABLE,1.0,POST-T0 OBSERVATION,CAUSAL_BUT_STALE,0.048583984375,0.951416015625,0.005025125628140704
evt:2019-06-15|dhaka_se|ENSEMBLE_FLOOD_20190725T120356_VV_AS020M_E039N021T3|ENSEMBLE_FLOOD_20190802T235609_VV_AS020M_E039N021T3,evt:2019-06-15,dhaka_se,2019,2019-07-25T12:03:56Z,2019-08-02T23:56:09Z,203.87027777777777,8.494594907407407,7-10 days,False,0.0,UNAVAILABLE,1.0,POST-T0 OBSERVATION,POST_T0,0.048583984375,0.951416015625,0.0
evt:2019-06-15|dhaka_sw|ENSEMBLE_FLOOD_20190615T235606_VV_AS020M_E039N021T3|ENSEMBLE_FLOOD_20190627T235607_VV_AS020M_E039N021T3,evt:2019-06-15,dhaka_sw,2019,2019-06-15T23:56:06Z,2019-06-27T23:56:07Z,288.0002777777778,12.000011574074074,10-14 days,False,0.0,UNAVAILABLE,1.0,POST-T0 OBSERVATION,POST_T0,0.81689453125,0.18310546875,0.0026897788404064557
evt:2019-06-15|dhaka_sw|ENSEMBLE_FLOOD_20190627T235607_VV_AS020M_E039N021T3|ENSEMBLE_FLOOD_20190709T235608_VV_AS020M_E039N021T3,evt:2019-06-15,dhaka_sw,2019,2019-06-27T23:56:07Z,2019-07-09T23:56:08Z,288.0002777777778,12.000011574074074,10-14 days,False,0.0,UNAVAILABLE,1.0,POST-T0 OBSERVATION,POST_T0,0.81689453125,0.18310546875,0.0
evt:2019-06-15|dhaka_sw|ENSEMBLE_FLOOD_20190709T235608_VV_AS020M_E039N021T3|ENSEMBLE_FLOOD_20190721T235609_VV_AS020M_E039N021T3,evt:2019-06-15,dhaka_sw,2019,2019-07-09T23:56:08Z,2019-07-21T23:56:09Z,288.0002777777778,12.000011574074074,10-14 days,False,0.0,UNAVAILABLE,1.0,POST-T0 OBSERVATION,POST_T0,0.81689453125,0.18310546875,0.08577405857740586
evt:2019-06-15|dhaka_sw|ENSEMBLE_FLOOD_20190721T235609_VV_AS020M_E039N021T3|ENSEMBLE_FLOOD_20190725T120356_VV_AS020M_E039N021T3,evt:2019-06-15,dhaka_sw,2019,2019-07-21T23:56:09Z,2019-07-25T12:03:56Z,84.12972222222223,3.505405092592593,2-4 days,False,0.0,UNAVAILABLE,1.0,POST-T0 OBSERVATION,CAUSAL_BUT_STALE,0.430419921875,0.569580078125,0.0
evt:2019-06-15|dhaka_sw|ENSEMBLE_FLOOD_20190725T120356_VV_AS020M_E039N021T3|ENSEMBLE_FLOOD_20190802T235609_VV_AS020M_E039N021T3,evt:2019-06-15,dhaka_sw,2019,2019-07-25T12:03:56Z,2019-08-02T23:56:09Z,203.87027777777777,8.494594907407407,7-10 days,False,0.0,UNAVAILABLE,1.0,POST-T0 OBSERVATION,POST_T0,0.429443359375,0.570556640625,0.0017055144968732233
evt:2020-01-15|dhaka_ne|ENSEMBLE_FLOOD_20200115T120446_VV_AS020M_E039N021T3|ENSEMBLE_FLOOD_20200127T120446_VV_AS020M_E039N021T3,evt:2020-01-15,dhaka_ne,2020,2020-01-15T12:04:46Z,2020-01-27T12:04:46Z,288.0,12.0,10-14 days,False,0.0,UNAVAILABLE,1.0,POST-T0 OBSERVATION,POST_T0,0.11376953125,0.88623046875,0.0
evt:2020-01-15|dhaka_nw|ENSEMBLE_FLOOD_20200115T120446_VV_AS020M_E039N021T3|ENSEMBLE_FLOOD_20200127T120446_VV_AS020M_E039N021T3,evt:2020-01-15,dhaka_nw,2020,2020-01-15T12:04:46Z,2020-01-27T12:04:46Z,288.0,12.0,10-14 days,False,0.0,UNAVAILABLE,1.0,POST-T0 OBSERVATION,POST_T0,0.327392578125,0.672607421875,0.0
evt:2020-01-15|dhaka_se|ENSEMBLE_FLOOD_20200117T235610_VV_AS020M_E039N021T3|ENSEMBLE_FLOOD_20200129T235609_VV_AS020M_E039N021T3,evt:2020-01-15,dhaka_se,2020,2020-01-17T23:56:10Z,2020-01-29T23:56:09Z,287.9997222222222,11.999988425925926,10-14 days,False,0.0,UNAVAILABLE,1.0,POST-T0 OBSERVATION,POST_T0,0.5986328125,0.4013671875,0.0
evt:2020-01-15|dhaka_sw|ENSEMBLE_FLOOD_20200117T235610_VV_AS020M_E039N021T3|ENSEMBLE_FLOOD_20200129T235609_VV_AS020M_E039N021T3,evt:2020-01-15,dhaka_sw,2020,2020-01-17T23:56:10Z,2020-01-29T23:56:09Z,287.9997222222222,11.999988425925926,10-14 days,False,0.0,UNAVAILABLE,1.0,POST-T0 OBSERVATION,POST_T0,0.81787109375,0.18212890625,0.0
evt:2020-01-15|kishoreganj|ENSEMBLE_FLOOD_20200115T120446_VV_AS020M_E039N021T3|ENSEMBLE_FLOOD_20200127T120446_VV_AS020M_E039N021T3,evt:2020-01-15,kishoreganj,2020,2020-01-15T12:04:46Z,2020-01-27T12:04:46Z,288.0,12.0,10-14 days,False,0.0,UNAVAILABLE,1.0,POST-T0 OBSERVATION,POST_T0,1.0,0.0,0.00048828125
evt:2020-01-15|netrokona|ENSEMBLE_FLOOD_20200115T120446_VV_AS020M_E039N021T3|ENSEMBLE_FLOOD_20200127T120446_VV_AS020M_E039N021T3,evt:2020-01-15,netrokona,2020,2020-01-15T12:04:46Z,2020-01-27T12:04:46Z,288.0,12.0,10-14 days,False,0.0,UNAVAILABLE,1.0,POST-T0 OBSERVATION,POST_T0,1.0,0.0,0.0
evt:2020-01-15|sunamganj|ENSEMBLE_FLOOD_20200115T120446_VV_AS020M_E039N021T3|ENSEMBLE_FLOOD_20200127T120446_VV_AS020M_E039N021T3,evt:2020-01-15,sunamganj,2020,2020-01-15T12:04:46Z,2020-01-27T12:04:46Z,288.0,12.0,10-14 days,False,0.0,UNAVAILABLE,1.0,POST-T0 OBSERVATION,POST_T0,0.67724609375,0.32275390625,0.0003604902667627974
evt:2020-06-07|dhaka_ne|ENSEMBLE_FLOOD_20200607T120449_VV_AS020M_E039N021T3|ENSEMBLE_FLOOD_20200619T120450_VV_AS020M_E039N021T3,evt:2020-06-07,dhaka_ne,2020,2020-06-07T12:04:49Z,2020-06-19T12:04:50Z,288.0002777777778,12.000011574074074,10-14 days,False,0.0,UNAVAILABLE,1.0,POST-T0 OBSERVATION,POST_T0,0.1142578125,0.8857421875,0.004273504273504274
evt:2020-06-07|dhaka_ne|ENSEMBLE_FLOOD_20200619T120450_VV_AS020M_E039N021T3|ENSEMBLE_FLOOD_20200806T120452_VV_AS020M_E039N021T3,evt:2020-06-07,dhaka_ne,2020,2020-06-19T12:04:50Z,2020-08-06T12:04:52Z,1152.0005555555556,48.00002314814815,21+ days,False,0.0,UNAVAILABLE,1.0,POST-T0 OBSERVATION,POST_T0,0.1142578125,0.8857421875,0.021367521367521368
evt:2020-06-07|dhaka_nw|ENSEMBLE_FLOOD_20200607T120449_VV_AS020M_E039N021T3|ENSEMBLE_FLOOD_20200619T120450_VV_AS020M_E039N021T3,evt:2020-06-07,dhaka_nw,2020,2020-06-07T12:04:49Z,2020-06-19T12:04:50Z,288.0002777777778,12.000011574074074,10-14 days,False,0.0,UNAVAILABLE,1.0,POST-T0 OBSERVATION,POST_T0,0.327880859375,0.672119140625,0.0022338049143708115
evt:2020-06-07|dhaka_nw|ENSEMBLE_FLOOD_20200619T120450_VV_AS020M_E039N021T3|ENSEMBLE_FLOOD_20200806T120452_VV_AS020M_E039N021T3,evt:2020-06-07,dhaka_nw,2020,2020-06-19T12:04:50Z,2020-08-06T12:04:52Z,1152.0005555555556,48.00002314814815,21+ days,False,0.0,UNAVAILABLE,1.0,POST-T0 OBSERVATION,POST_T0,0.32763671875,0.67236328125,0.12518628912071536
evt:2020-06-07|dhaka_se|ENSEMBLE_FLOOD_20200609T235613_VV_AS020M_E039N021T3|ENSEMBLE_FLOOD_20200621T235614_VV_AS020M_E039N021T3,evt:2020-06-07,dhaka_se,2020,2020-06-09T23:56:13Z,2020-06-21T23:56:14Z,288.0002777777778,12.000011574074074,10-14 days,False,0.0,UNAVAILABLE,1.0,POST-T0 OBSERVATION,POST_T0,0.597412109375,0.402587890625,0.0012259910093992644
evt:2020-06-07|dhaka_se|ENSEMBLE_FLOOD_20200621T235614_VV_AS020M_E039N021T3|ENSEMBLE_FLOOD_20200715T235615_VV_AS020M_E039N021T3,evt:2020-06-07,dhaka_se,2020,2020-06-21T23:56:14Z,2020-07-15T23:56:15Z,576.0002777777778,24.000011574074076,21+ days,False,0.0,UNAVAILABLE,1.0,POST-T0 OBSERVATION,POST_T0,0.597412109375,0.402587890625,0.006947282386595832
evt:2020-06-07|dhaka_se|ENSEMBLE_FLOOD_20200715T235615_VV_AS020M_E039N021T3|ENSEMBLE_FLOOD_20200808T235616_VV_AS020M_E039N021T3,evt:2020-06-07,dhaka_se,2020,2020-07-15T23:56:15Z,2020-08-08T23:56:16Z,576.0002777777778,24.000011574074076,21+ days,False,0.0,UNAVAILABLE,1.0,POST-T0 OBSERVATION,POST_T0,0.597412109375,0.402587890625,0.0012259910093992644
evt:2020-06-07|dhaka_sw|ENSEMBLE_FLOOD_20200609T235613_VV_AS020M_E039N021T3|ENSEMBLE_FLOOD_20200621T235614_VV_AS020M_E039N021T3,evt:2020-06-07,dhaka_sw,2020,2020-06-09T23:56:13Z,2020-06-21T23:56:14Z,288.0002777777778,12.000011574074074,10-14 days,False,0.0,UNAVAILABLE,1.0,POST-T0 OBSERVATION,POST_T0,0.81640625,0.18359375,0.0002990430622009569
evt:2020-06-07|dhaka_sw|ENSEMBLE_FLOOD_20200621T235614_VV_AS020M_E039N021T3|ENSEMBLE_FLOOD_20200715T235615_VV_AS020M_E039N021T3,evt:2020-06-07,dhaka_sw,2020,2020-06-21T23:56:14Z,2020-07-15T23:56:15Z,576.0002777777778,24.000011574074076,21+ days,False,0.0,UNAVAILABLE,1.0,POST-T0 OBSERVATION,POST_T0,0.81640625,0.18359375,0.05083732057416268
evt:2020-06-07|dhaka_sw|ENSEMBLE_FLOOD_20200715T235615_VV_AS020M_E039N021T3|ENSEMBLE_FLOOD_20200808T235616_VV_AS020M_E039N021T3,evt:2020-06-07,dhaka_sw,2020,2020-07-15T23:56:15Z,2020-08-08T23:56:16Z,576.0002777777778,24.000011574074076,21+ days,False,0.0,UNAVAILABLE,1.0,POST-T0 OBSERVATION,POST_T0,0.81640625,0.18359375,0.019138755980861243
evt:2020-06-07|kishoreganj|ENSEMBLE_FLOOD_20200607T120449_VV_AS020M_E039N021T3|ENSEMBLE_FLOOD_20200619T120450_VV_AS020M_E039N021T3,evt:2020-06-07,kishoreganj,2020,2020-06-07T12:04:49Z,2020-06-19T12:04:50Z,288.0002777777778,12.000011574074074,10-14 days,False,0.0,UNAVAILABLE,1.0,POST-T0 OBSERVATION,POST_T0,1.0,0.0,0.1328125
evt:2020-06-07|kishoreganj|ENSEMBLE_FLOOD_20200619T120450_VV_AS020M_E039N021T3|ENSEMBLE_FLOOD_20200806T120452_VV_AS020M_E039N021T3,evt:2020-06-07,kishoreganj,2020,2020-06-19T12:04:50Z,2020-08-06T12:04:52Z,1152.0005555555556,48.00002314814815,21+ days,False,0.0,UNAVAILABLE,1.0,POST-T0 OBSERVATION,POST_T0,1.0,0.0,0.024169921875
evt:2020-06-07|netrokona|ENSEMBLE_FLOOD_20200607T120449_VV_AS020M_E039N021T3|ENSEMBLE_FLOOD_20200619T120450_VV_AS020M_E039N021T3,evt:2020-06-07,netrokona,2020,2020-06-07T12:04:49Z,2020-06-19T12:04:50Z,288.0002777777778,12.000011574074074,10-14 days,False,0.0,UNAVAILABLE,1.0,POST-T0 OBSERVATION,POST_T0,1.0,0.0,0.074951171875
evt:2020-06-07|netrokona|ENSEMBLE_FLOOD_20200619T120450_VV_AS020M_E039N021T3|ENSEMBLE_FLOOD_20200719T120423_VV_AS020M_E039N021T3,evt:2020-06-07,netrokona,2020,2020-06-19T12:04:50Z,2020-07-19T12:04:23Z,719.9925,29.999687499999997,21+ days,False,0.0,UNAVAILABLE,1.0,POST-T0 OBSERVATION,POST_T0,0.34326171875,0.65673828125,0.03485064011379801
evt:2020-06-07|netrokona|ENSEMBLE_FLOOD_20200719T120423_VV_AS020M_E039N021T3|ENSEMBLE_FLOOD_20200806T120452_VV_AS020M_E039N021T3,evt:2020-06-07,netrokona,2020,2020-07-19T12:04:23Z,2020-08-06T12:04:52Z,432.00805555555553,18.00033564814815,14-21 days,False,0.0,UNAVAILABLE,1.0,POST-T0 OBSERVATION,POST_T0,0.34326171875,0.65673828125,0.02631578947368421
evt:2020-06-07|sunamganj|ENSEMBLE_FLOOD_20200607T120449_VV_AS020M_E039N021T3|ENSEMBLE_FLOOD_20200619T120450_VV_AS020M_E039N021T3,evt:2020-06-07,sunamganj,2020,2020-06-07T12:04:49Z,2020-06-19T12:04:50Z,288.0002777777778,12.000011574074074,10-14 days,False,0.0,UNAVAILABLE,1.0,POST-T0 OBSERVATION,POST_T0,0.25732421875,0.74267578125,0.21916508538899432
evt:2020-06-07|sunamganj|ENSEMBLE_FLOOD_20200619T120450_VV_AS020M_E039N021T3|ENSEMBLE_FLOOD_20200719T120423_VV_AS020M_E039N021T3,evt:2020-06-07,sunamganj,2020,2020-06-19T12:04:50Z,2020-07-19T12:04:23Z,719.9925,29.999687499999997,21+ days,False,0.0,UNAVAILABLE,1.0,POST-T0 OBSERVATION,POST_T0,0.138671875,0.861328125,0.028169014084507043
evt:2020-06-07|sunamganj|ENSEMBLE_FLOOD_20200719T120423_VV_AS020M_E039N021T3|ENSEMBLE_FLOOD_20200806T120452_VV_AS020M_E039N021T3,evt:2020-06-07,sunamganj,2020,2020-07-19T12:04:23Z,2020-08-06T12:04:52Z,432.00805555555553,18.00033564814815,14-21 days,False,0.0,UNAVAILABLE,1.0,POST-T0 OBSERVATION,POST_T0,0.146728515625,0.853271484375,0.0
evt:2021-06-02|dhaka_ne|ENSEMBLE_FLOOD_20210602T120454_VV_AS020M_E039N021T3|ENSEMBLE_FLOOD_20210614T120455_VV_AS020M_E039N021T3,evt:2021-06-02,dhaka_ne,2021,2021-06-02T12:04:54Z,2021-06-14T12:04:55Z,288.0002777777778,12.000011574074074,10-14 days,False,0.0,UNAVAILABLE,1.0,POST-T0 OBSERVATION,POST_T0,0.1142578125,0.8857421875,0.002136752136752137
evt:2021-06-02|dhaka_ne|ENSEMBLE_FLOOD_20210614T120455_VV_AS020M_E039N021T3|ENSEMBLE_FLOOD_20210626T120456_VV_AS020M_E039N021T3,evt:2021-06-02,dhaka_ne,2021,2021-06-14T12:04:55Z,2021-06-26T12:04:56Z,288.0002777777778,12.000011574074074,10-14 days,False,0.0,UNAVAILABLE,1.0,POST-T0 OBSERVATION,POST_T0,0.1142578125,0.8857421875,0.014957264957264958
evt:2021-06-02|dhaka_ne|ENSEMBLE_FLOOD_20210626T120456_VV_AS020M_E039N021T3|ENSEMBLE_FLOOD_20210708T120457_VV_AS020M_E039N021T3,evt:2021-06-02,dhaka_ne,2021,2021-06-26T12:04:56Z,2021-07-08T12:04:57Z,288.0002777777778,12.000011574074074,10-14 days,False,0.0,UNAVAILABLE,1.0,POST-T0 OBSERVATION,POST_T0,0.11474609375,0.88525390625,0.0
evt:2021-06-02|dhaka_ne|ENSEMBLE_FLOOD_20210708T120457_VV_AS020M_E039N021T3|ENSEMBLE_FLOOD_20210720T120457_VV_AS020M_E039N021T3,evt:2021-06-02,dhaka_ne,2021,2021-07-08T12:04:57Z,2021-07-20T12:04:57Z,288.0,12.0,10-14 days,False,0.0,UNAVAILABLE,1.0,POST-T0 OBSERVATION,POST_T0,0.1142578125,0.8857421875,0.0
evt:2021-06-02|dhaka_ne|ENSEMBLE_FLOOD_20210720T120457_VV_AS020M_E039N021T3|ENSEMBLE_FLOOD_20210801T120458_VV_AS020M_E039N021T3,evt:2021-06-02,dhaka_ne,2021,2021-07-20T12:04:57Z,2021-08-01T12:04:58Z,288.0002777777778,12.000011574074074,10-14 days,False,0.0,UNAVAILABLE,1.0,POST-T0 OBSERVATION,POST_T0,0.114013671875,0.885986328125,0.0
evt:2021-06-02|dhaka_ne|ENSEMBLE_FLOOD_20210801T120458_VV_AS020M_E039N021T3|ENSEMBLE_FLOOD_20210813T120459_VV_AS020M_E039N021T3,evt:2021-06-02,dhaka_ne,2021,2021-08-01T12:04:58Z,2021-08-13T12:04:59Z,288.0002777777778,12.000011574074074,10-14 days,False,0.0,UNAVAILABLE,1.0,POST-T0 OBSERVATION,POST_T0,0.114013671875,0.885986328125,0.0
evt:2021-06-02|dhaka_nw|ENSEMBLE_FLOOD_20210602T120454_VV_AS020M_E039N021T3|ENSEMBLE_FLOOD_20210614T120455_VV_AS020M_E039N021T3,evt:2021-06-02,dhaka_nw,2021,2021-06-02T12:04:54Z,2021-06-14T12:04:55Z,288.0002777777778,12.000011574074074,10-14 days,False,0.0,UNAVAILABLE,1.0,POST-T0 OBSERVATION,POST_T0,0.327880859375,0.672119140625,0.0022338049143708115
evt:2021-06-02|dhaka_nw|ENSEMBLE_FLOOD_20210614T120455_VV_AS020M_E039N021T3|ENSEMBLE_FLOOD_20210626T120456_VV_AS020M_E039N021T3,evt:2021-06-02,dhaka_nw,2021,2021-06-14T12:04:55Z,2021-06-26T12:04:56Z,288.0002777777778,12.000011574074074,10-14 days,False,0.0,UNAVAILABLE,1.0,POST-T0 OBSERVATION,POST_T0,0.327880859375,0.672119140625,0.0022338049143708115
evt:2021-06-02|dhaka_nw|ENSEMBLE_FLOOD_20210626T120456_VV_AS020M_E039N021T3|ENSEMBLE_FLOOD_20210708T120457_VV_AS020M_E039N021T3,evt:2021-06-02,dhaka_nw,2021,2021-06-26T12:04:56Z,2021-07-08T12:04:57Z,288.0002777777778,12.000011574074074,10-14 days,False,0.0,UNAVAILABLE,1.0,POST-T0 OBSERVATION,POST_T0,0.327880859375,0.672119140625,0.0
evt:2021-06-02|dhaka_nw|ENSEMBLE_FLOOD_20210708T120457_VV_AS020M_E039N021T3|ENSEMBLE_FLOOD_20210720T120457_VV_AS020M_E039N021T3,evt:2021-06-02,dhaka_nw,2021,2021-07-08T12:04:57Z,2021-07-20T12:04:57Z,288.0,12.0,10-14 days,False,0.0,UNAVAILABLE,1.0,POST-T0 OBSERVATION,POST_T0,0.327880859375,0.672119140625,0.0
evt:2021-06-02|dhaka_nw|ENSEMBLE_FLOOD_20210720T120457_VV_AS020M_E039N021T3|ENSEMBLE_FLOOD_20210801T120458_VV_AS020M_E039N021T3,evt:2021-06-02,dhaka_nw,2021,2021-07-20T12:04:57Z,2021-08-01T12:04:58Z,288.0002777777778,12.000011574074074,10-14 days,False,0.0,UNAVAILABLE,1.0,POST-T0 OBSERVATION,POST_T0,0.327880859375,0.672119140625,0.0
evt:2021-06-02|dhaka_nw|ENSEMBLE_FLOOD_20210801T120458_VV_AS020M_E039N021T3|ENSEMBLE_FLOOD_20210813T120459_VV_AS020M_E039N021T3,evt:2021-06-02,dhaka_nw,2021,2021-08-01T12:04:58Z,2021-08-13T12:04:59Z,288.0002777777778,12.000011574074074,10-14 days,False,0.0,UNAVAILABLE,1.0,POST-T0 OBSERVATION,POST_T0,0.327880859375,0.672119140625,0.0
evt:2021-06-02|dhaka_se|ENSEMBLE_FLOOD_20210604T235618_VV_AS020M_E039N021T3|ENSEMBLE_FLOOD_20210616T235619_VV_AS020M_E039N021T3,evt:2021-06-02,dhaka_se,2021,2021-06-04T23:56:18Z,2021-06-16T23:56:19Z,288.0002777777778,12.000011574074074,10-14 days,False,0.0,UNAVAILABLE,1.0,POST-T0 OBSERVATION,POST_T0,0.59765625,0.40234375,0.0008169934640522876
evt:2021-06-02|dhaka_sw|ENSEMBLE_FLOOD_20210604T235618_VV_AS020M_E039N021T3|ENSEMBLE_FLOOD_20210616T235619_VV_AS020M_E039N021T3,evt:2021-06-02,dhaka_sw,2021,2021-06-04T23:56:18Z,2021-06-16T23:56:19Z,288.0002777777778,12.000011574074074,10-14 days,False,0.0,UNAVAILABLE,1.0,POST-T0 OBSERVATION,POST_T0,0.81689453125,0.18310546875,0.007172743574417215
evt:2021-06-02|kishoreganj|ENSEMBLE_FLOOD_20210602T120454_VV_AS020M_E039N021T3|ENSEMBLE_FLOOD_20210614T120455_VV_AS020M_E039N021T3,evt:2021-06-02,kishoreganj,2021,2021-06-02T12:04:54Z,2021-06-14T12:04:55Z,288.0002777777778,12.000011574074074,10-14 days,False,0.0,UNAVAILABLE,1.0,POST-T0 OBSERVATION,POST_T0,1.0,0.0,0.004150390625
evt:2021-06-02|kishoreganj|ENSEMBLE_FLOOD_20210614T120455_VV_AS020M_E039N021T3|ENSEMBLE_FLOOD_20210626T120456_VV_AS020M_E039N021T3,evt:2021-06-02,kishoreganj,2021,2021-06-14T12:04:55Z,2021-06-26T12:04:56Z,288.0002777777778,12.000011574074074,10-14 days,False,0.0,UNAVAILABLE,1.0,POST-T0 OBSERVATION,POST_T0,1.0,0.0,0.035888671875
evt:2021-06-02|kishoreganj|ENSEMBLE_FLOOD_20210626T120456_VV_AS020M_E039N021T3|ENSEMBLE_FLOOD_20210708T120457_VV_AS020M_E039N021T3,evt:2021-06-02,kishoreganj,2021,2021-06-26T12:04:56Z,2021-07-08T12:04:57Z,288.0002777777778,12.000011574074074,10-14 days,False,0.0,UNAVAILABLE,1.0,POST-T0 OBSERVATION,POST_T0,1.0,0.0,0.0146484375
evt:2021-06-02|kishoreganj|ENSEMBLE_FLOOD_20210708T120457_VV_AS020M_E039N021T3|ENSEMBLE_FLOOD_20210720T120457_VV_AS020M_E039N021T3,evt:2021-06-02,kishoreganj,2021,2021-07-08T12:04:57Z,2021-07-20T12:04:57Z,288.0,12.0,10-14 days,False,0.0,UNAVAILABLE,1.0,POST-T0 OBSERVATION,POST_T0,1.0,0.0,0.0
evt:2021-06-02|kishoreganj|ENSEMBLE_FLOOD_20210720T120457_VV_AS020M_E039N021T3|ENSEMBLE_FLOOD_20210801T120458_VV_AS020M_E039N021T3,evt:2021-06-02,kishoreganj,2021,2021-07-20T12:04:57Z,2021-08-01T12:04:58Z,288.0002777777778,12.000011574074074,10-14 days,False,0.0,UNAVAILABLE,1.0,POST-T0 OBSERVATION,POST_T0,1.0,0.0,0.000244140625
evt:2021-06-02|kishoreganj|ENSEMBLE_FLOOD_20210801T120458_VV_AS020M_E039N021T3|ENSEMBLE_FLOOD_20210813T120459_VV_AS020M_E039N021T3,evt:2021-06-02,kishoreganj,2021,2021-08-01T12:04:58Z,2021-08-13T12:04:59Z,288.0002777777778,12.000011574074074,10-14 days,False,0.0,UNAVAILABLE,1.0,POST-T0 OBSERVATION,POST_T0,1.0,0.0,0.00390625
evt:2021-06-02|netrokona|ENSEMBLE_FLOOD_20210602T120454_VV_AS020M_E039N021T3|ENSEMBLE_FLOOD_20210614T120455_VV_AS020M_E039N021T3,evt:2021-06-02,netrokona,2021,2021-06-02T12:04:54Z,2021-06-14T12:04:55Z,288.0002777777778,12.000011574074074,10-14 days,False,0.0,UNAVAILABLE,1.0,POST-T0 OBSERVATION,POST_T0,1.0,0.0,0.0009765625
evt:2021-06-02|netrokona|ENSEMBLE_FLOOD_20210614T120455_VV_AS020M_E039N021T3|ENSEMBLE_FLOOD_20210626T120456_VV_AS020M_E039N021T3,evt:2021-06-02,netrokona,2021,2021-06-14T12:04:55Z,2021-06-26T12:04:56Z,288.0002777777778,12.000011574074074,10-14 days,False,0.0,UNAVAILABLE,1.0,POST-T0 OBSERVATION,POST_T0,1.0,0.0,0.00732421875
evt:2021-06-02|netrokona|ENSEMBLE_FLOOD_20210626T120456_VV_AS020M_E039N021T3|ENSEMBLE_FLOOD_20210708T120457_VV_AS020M_E039N021T3,evt:2021-06-02,netrokona,2021,2021-06-26T12:04:56Z,2021-07-08T12:04:57Z,288.0002777777778,12.000011574074074,10-14 days,False,0.0,UNAVAILABLE,1.0,POST-T0 OBSERVATION,POST_T0,1.0,0.0,0.135986328125
evt:2021-06-02|netrokona|ENSEMBLE_FLOOD_20210708T120457_VV_AS020M_E039N021T3|ENSEMBLE_FLOOD_20210720T120457_VV_AS020M_E039N021T3,evt:2021-06-02,netrokona,2021,2021-07-08T12:04:57Z,2021-07-20T12:04:57Z,288.0,12.0,10-14 days,False,0.0,UNAVAILABLE,1.0,POST-T0 OBSERVATION,POST_T0,1.0,0.0,0.000244140625
evt:2021-06-02|netrokona|ENSEMBLE_FLOOD_20210720T120457_VV_AS020M_E039N021T3|ENSEMBLE_FLOOD_20210801T120458_VV_AS020M_E039N021T3,evt:2021-06-02,netrokona,2021,2021-07-20T12:04:57Z,2021-08-01T12:04:58Z,288.0002777777778,12.000011574074074,10-14 days,False,0.0,UNAVAILABLE,1.0,POST-T0 OBSERVATION,POST_T0,1.0,0.0,0.004638671875
evt:2021-06-02|netrokona|ENSEMBLE_FLOOD_20210801T120458_VV_AS020M_E039N021T3|ENSEMBLE_FLOOD_20210813T120459_VV_AS020M_E039N021T3,evt:2021-06-02,netrokona,2021,2021-08-01T12:04:58Z,2021-08-13T12:04:59Z,288.0002777777778,12.000011574074074,10-14 days,False,0.0,UNAVAILABLE,1.0,POST-T0 OBSERVATION,POST_T0,1.0,0.0,0.064697265625
evt:2021-06-02|sunamganj|ENSEMBLE_FLOOD_20210602T120454_VV_AS020M_E039N021T3|ENSEMBLE_FLOOD_20210614T120455_VV_AS020M_E039N021T3,evt:2021-06-02,sunamganj,2021,2021-06-02T12:04:54Z,2021-06-14T12:04:55Z,288.0002777777778,12.000011574074074,10-14 days,False,0.0,UNAVAILABLE,1.0,POST-T0 OBSERVATION,POST_T0,0.67919921875,0.32080078125,0.0003594536304816679
evt:2021-06-02|sunamganj|ENSEMBLE_FLOOD_20210614T120455_VV_AS020M_E039N021T3|ENSEMBLE_FLOOD_20210626T120456_VV_AS020M_E039N021T3,evt:2021-06-02,sunamganj,2021,2021-06-14T12:04:55Z,2021-06-26T12:04:56Z,288.0002777777778,12.000011574074074,10-14 days,False,0.0,UNAVAILABLE,1.0,POST-T0 OBSERVATION,POST_T0,0.67919921875,0.32080078125,0.09489575844716032
evt:2021-06-02|sunamganj|ENSEMBLE_FLOOD_20210626T120456_VV_AS020M_E039N021T3|ENSEMBLE_FLOOD_20210708T120457_VV_AS020M_E039N021T3,evt:2021-06-02,sunamganj,2021,2021-06-26T12:04:56Z,2021-07-08T12:04:57Z,288.0002777777778,12.000011574074074,10-14 days,False,0.0,UNAVAILABLE,1.0,POST-T0 OBSERVATION,POST_T0,0.6796875,0.3203125,0.019755747126436782
evt:2021-06-02|sunamganj|ENSEMBLE_FLOOD_20210708T120457_VV_AS020M_E039N021T3|ENSEMBLE_FLOOD_20210720T120457_VV_AS020M_E039N021T3,evt:2021-06-02,sunamganj,2021,2021-07-08T12:04:57Z,2021-07-20T12:04:57Z,288.0,12.0,10-14 days,False,0.0,UNAVAILABLE,1.0,POST-T0 OBSERVATION,POST_T0,0.678955078125,0.321044921875,0.0
evt:2021-06-02|sunamganj|ENSEMBLE_FLOOD_20210720T120457_VV_AS020M_E039N021T3|ENSEMBLE_FLOOD_20210801T120458_VV_AS020M_E039N021T3,evt:2021-06-02,sunamganj,2021,2021-07-20T12:04:57Z,2021-08-01T12:04:58Z,288.0002777777778,12.000011574074074,10-14 days,False,0.0,UNAVAILABLE,1.0,POST-T0 OBSERVATION,POST_T0,0.678955078125,0.321044921875,0.000719165767709457
evt:2021-06-02|sunamganj|ENSEMBLE_FLOOD_20210801T120458_VV_AS020M_E039N021T3|ENSEMBLE_FLOOD_20210813T120459_VV_AS020M_E039N021T3,evt:2021-06-02,sunamganj,2021,2021-08-01T12:04:58Z,2021-08-13T12:04:59Z,288.0002777777778,12.000011574074074,10-14 days,False,0.0,UNAVAILABLE,1.0,POST-T0 OBSERVATION,POST_T0,0.6796875,0.3203125,0.013649425287356323
evt:2022-05-16|dhaka_ne|ENSEMBLE_FLOOD_20220516T120459_VV_AS020M_E039N021T3|ENSEMBLE_FLOOD_20220528T120500_VV_AS020M_E039N021T3,evt:2022-05-16,dhaka_ne,2022,2022-05-16T12:04:59Z,2022-05-28T12:05:00Z,288.0002777777778,12.000011574074074,10-14 days,False,0.0,UNAVAILABLE,1.0,POST-T0 OBSERVATION,POST_T0,0.1142578125,0.8857421875,0.00641025641025641
evt:2022-05-16|dhaka_ne|ENSEMBLE_FLOOD_20220528T120500_VV_AS020M_E039N021T3|ENSEMBLE_FLOOD_20220703T120503_VV_AS020M_E039N021T3,evt:2022-05-16,dhaka_ne,2022,2022-05-28T12:05:00Z,2022-07-03T12:05:03Z,864.0008333333334,36.000034722222225,21+ days,False,0.0,UNAVAILABLE,1.0,POST-T0 OBSERVATION,POST_T0,0.1142578125,0.8857421875,0.05128205128205128
evt:2022-05-16|dhaka_nw|ENSEMBLE_FLOOD_20220516T120459_VV_AS020M_E039N021T3|ENSEMBLE_FLOOD_20220528T120500_VV_AS020M_E039N021T3,evt:2022-05-16,dhaka_nw,2022,2022-05-16T12:04:59Z,2022-05-28T12:05:00Z,288.0002777777778,12.000011574074074,10-14 days,False,0.0,UNAVAILABLE,1.0,POST-T0 OBSERVATION,POST_T0,0.327880859375,0.672119140625,0.008935219657483246
evt:2022-05-16|dhaka_nw|ENSEMBLE_FLOOD_20220528T120500_VV_AS020M_E039N021T3|ENSEMBLE_FLOOD_20220703T120503_VV_AS020M_E039N021T3,evt:2022-05-16,dhaka_nw,2022,2022-05-28T12:05:00Z,2022-07-03T12:05:03Z,864.0008333333334,36.000034722222225,21+ days,False,0.0,UNAVAILABLE,1.0,POST-T0 OBSERVATION,POST_T0,0.327880859375,0.672119140625,0.006701414743112435
evt:2022-05-16|kishoreganj|ENSEMBLE_FLOOD_20220516T120459_VV_AS020M_E039N021T3|ENSEMBLE_FLOOD_20220528T120500_VV_AS020M_E039N021T3,evt:2022-05-16,kishoreganj,2022,2022-05-16T12:04:59Z,2022-05-28T12:05:00Z,288.0002777777778,12.000011574074074,10-14 days,False,0.0,UNAVAILABLE,1.0,POST-T0 OBSERVATION,POST_T0,1.0,0.0,0.35693359375
evt:2022-05-16|kishoreganj|ENSEMBLE_FLOOD_20220528T120500_VV_AS020M_E039N021T3|ENSEMBLE_FLOOD_20220703T120503_VV_AS020M_E039N021T3,evt:2022-05-16,kishoreganj,2022,2022-05-28T12:05:00Z,2022-07-03T12:05:03Z,864.0008333333334,36.000034722222225,21+ days,False,0.0,UNAVAILABLE,1.0,POST-T0 OBSERVATION,POST_T0,1.0,0.0,0.08203125
evt:2022-05-16|netrokona|ENSEMBLE_FLOOD_20220516T120459_VV_AS020M_E039N021T3|ENSEMBLE_FLOOD_20220528T120500_VV_AS020M_E039N021T3,evt:2022-05-16,netrokona,2022,2022-05-16T12:04:59Z,2022-05-28T12:05:00Z,288.0002777777778,12.000011574074074,10-14 days,False,0.0,UNAVAILABLE,1.0,POST-T0 OBSERVATION,POST_T0,1.0,0.0,0.264404296875
evt:2022-05-16|netrokona|ENSEMBLE_FLOOD_20220528T120500_VV_AS020M_E039N021T3|ENSEMBLE_FLOOD_20220703T120503_VV_AS020M_E039N021T3,evt:2022-05-16,netrokona,2022,2022-05-28T12:05:00Z,2022-07-03T12:05:03Z,864.0008333333334,36.000034722222225,21+ days,False,0.0,UNAVAILABLE,1.0,POST-T0 OBSERVATION,POST_T0,1.0,0.0,0.099609375
evt:2022-05-16|sunamganj|ENSEMBLE_FLOOD_20220516T120459_VV_AS020M_E039N021T3|ENSEMBLE_FLOOD_20220528T120500_VV_AS020M_E039N021T3,evt:2022-05-16,sunamganj,2022,2022-05-16T12:04:59Z,2022-05-28T12:05:00Z,288.0002777777778,12.000011574074074,10-14 days,False,0.0,UNAVAILABLE,1.0,POST-T0 OBSERVATION,POST_T0,0.6796875,0.3203125,0.5790229885057471
evt:2022-05-16|sunamganj|ENSEMBLE_FLOOD_20220528T120500_VV_AS020M_E039N021T3|ENSEMBLE_FLOOD_20220703T120503_VV_AS020M_E039N021T3,evt:2022-05-16,sunamganj,2022,2022-05-28T12:05:00Z,2022-07-03T12:05:03Z,864.0008333333334,36.000034722222225,21+ days,False,0.0,UNAVAILABLE,1.0,POST-T0 OBSERVATION,POST_T0,0.6787109375,0.3212890625,0.03920863309352518
evt:2023-06-16|dhaka_ne|ENSEMBLE_FLOOD_20230616T120507_VV_AS020M_E039N021T3|ENSEMBLE_FLOOD_20230628T120507_VV_AS020M_E039N021T3,evt:2023-06-16,dhaka_ne,2023,2023-06-16T12:05:07Z,2023-06-28T12:05:07Z,288.0,12.0,10-14 days,False,0.0,UNAVAILABLE,1.0,POST-T0 OBSERVATION,POST_T0,0.1142578125,0.8857421875,0.00641025641025641
evt:2023-06-16|dhaka_ne|ENSEMBLE_FLOOD_20230628T120507_VV_AS020M_E039N021T3|ENSEMBLE_FLOOD_20230710T120508_VV_AS020M_E039N021T3,evt:2023-06-16,dhaka_ne,2023,2023-06-28T12:05:07Z,2023-07-10T12:05:08Z,288.0002777777778,12.000011574074074,10-14 days,False,0.0,UNAVAILABLE,1.0,POST-T0 OBSERVATION,POST_T0,0.11328125,0.88671875,0.010775862068965518
evt:2023-06-16|dhaka_ne|ENSEMBLE_FLOOD_20230710T120508_VV_AS020M_E039N021T3|ENSEMBLE_FLOOD_20230722T120509_VV_AS020M_E039N021T3,evt:2023-06-16,dhaka_ne,2023,2023-07-10T12:05:08Z,2023-07-22T12:05:09Z,288.0002777777778,12.000011574074074,10-14 days,False,0.0,UNAVAILABLE,1.0,POST-T0 OBSERVATION,POST_T0,0.11328125,0.88671875,0.00646551724137931
evt:2023-06-16|dhaka_ne|ENSEMBLE_FLOOD_20230722T120509_VV_AS020M_E039N021T3|ENSEMBLE_FLOOD_20230803T120510_VV_AS020M_E039N021T3,evt:2023-06-16,dhaka_ne,2023,2023-07-22T12:05:09Z,2023-08-03T12:05:10Z,288.0002777777778,12.000011574074074,10-14 days,False,0.0,UNAVAILABLE,1.0,POST-T0 OBSERVATION,POST_T0,0.11376953125,0.88623046875,0.008583690987124463
evt:2023-06-16|dhaka_ne|ENSEMBLE_FLOOD_20230803T120510_VV_AS020M_E039N021T3|ENSEMBLE_FLOOD_20230815T120510_VV_AS020M_E039N021T3,evt:2023-06-16,dhaka_ne,2023,2023-08-03T12:05:10Z,2023-08-15T12:05:10Z,288.0,12.0,10-14 days,False,0.0,UNAVAILABLE,1.0,POST-T0 OBSERVATION,POST_T0,0.11376953125,0.88623046875,0.0
evt:2023-06-16|dhaka_nw|ENSEMBLE_FLOOD_20230616T120507_VV_AS020M_E039N021T3|ENSEMBLE_FLOOD_20230628T120507_VV_AS020M_E039N021T3,evt:2023-06-16,dhaka_nw,2023,2023-06-16T12:05:07Z,2023-06-28T12:05:07Z,288.0,12.0,10-14 days,False,0.0,UNAVAILABLE,1.0,POST-T0 OBSERVATION,POST_T0,0.327880859375,0.672119140625,0.007446016381236039
evt:2023-06-16|dhaka_nw|ENSEMBLE_FLOOD_20230628T120507_VV_AS020M_E039N021T3|ENSEMBLE_FLOOD_20230710T120508_VV_AS020M_E039N021T3,evt:2023-06-16,dhaka_nw,2023,2023-06-28T12:05:07Z,2023-07-10T12:05:08Z,288.0002777777778,12.000011574074074,10-14 days,False,0.0,UNAVAILABLE,1.0,POST-T0 OBSERVATION,POST_T0,0.326904296875,0.673095703125,0.0
evt:2023-06-16|dhaka_nw|ENSEMBLE_FLOOD_20230710T120508_VV_AS020M_E039N021T3|ENSEMBLE_FLOOD_20230722T120509_VV_AS020M_E039N021T3,evt:2023-06-16,dhaka_nw,2023,2023-07-10T12:05:08Z,2023-07-22T12:05:09Z,288.0002777777778,12.000011574074074,10-14 days,False,0.0,UNAVAILABLE,1.0,POST-T0 OBSERVATION,POST_T0,0.326904296875,0.673095703125,0.0
evt:2023-06-16|dhaka_nw|ENSEMBLE_FLOOD_20230722T120509_VV_AS020M_E039N021T3|ENSEMBLE_FLOOD_20230803T120510_VV_AS020M_E039N021T3,evt:2023-06-16,dhaka_nw,2023,2023-07-22T12:05:09Z,2023-08-03T12:05:10Z,288.0002777777778,12.000011574074074,10-14 days,False,0.0,UNAVAILABLE,1.0,POST-T0 OBSERVATION,POST_T0,0.327392578125,0.672607421875,0.0
evt:2023-06-16|dhaka_nw|ENSEMBLE_FLOOD_20230803T120510_VV_AS020M_E039N021T3|ENSEMBLE_FLOOD_20230815T120510_VV_AS020M_E039N021T3,evt:2023-06-16,dhaka_nw,2023,2023-08-03T12:05:10Z,2023-08-15T12:05:10Z,288.0,12.0,10-14 days,False,0.0,UNAVAILABLE,1.0,POST-T0 OBSERVATION,POST_T0,0.327392578125,0.672607421875,0.0
evt:2023-06-16|kishoreganj|ENSEMBLE_FLOOD_20230616T120507_VV_AS020M_E039N021T3|ENSEMBLE_FLOOD_20230628T120507_VV_AS020M_E039N021T3,evt:2023-06-16,kishoreganj,2023,2023-06-16T12:05:07Z,2023-06-28T12:05:07Z,288.0,12.0,10-14 days,False,0.0,UNAVAILABLE,1.0,POST-T0 OBSERVATION,POST_T0,1.0,0.0,0.203125
evt:2023-06-16|kishoreganj|ENSEMBLE_FLOOD_20230628T120507_VV_AS020M_E039N021T3|ENSEMBLE_FLOOD_20230710T120508_VV_AS020M_E039N021T3,evt:2023-06-16,kishoreganj,2023,2023-06-28T12:05:07Z,2023-07-10T12:05:08Z,288.0002777777778,12.000011574074074,10-14 days,False,0.0,UNAVAILABLE,1.0,POST-T0 OBSERVATION,POST_T0,1.0,0.0,0.018798828125
evt:2023-06-16|kishoreganj|ENSEMBLE_FLOOD_20230710T120508_VV_AS020M_E039N021T3|ENSEMBLE_FLOOD_20230722T120509_VV_AS020M_E039N021T3,evt:2023-06-16,kishoreganj,2023,2023-07-10T12:05:08Z,2023-07-22T12:05:09Z,288.0002777777778,12.000011574074074,10-14 days,False,0.0,UNAVAILABLE,1.0,POST-T0 OBSERVATION,POST_T0,1.0,0.0,0.00048828125
evt:2023-06-16|kishoreganj|ENSEMBLE_FLOOD_20230722T120509_VV_AS020M_E039N021T3|ENSEMBLE_FLOOD_20230803T120510_VV_AS020M_E039N021T3,evt:2023-06-16,kishoreganj,2023,2023-07-22T12:05:09Z,2023-08-03T12:05:10Z,288.0002777777778,12.000011574074074,10-14 days,False,0.0,UNAVAILABLE,1.0,POST-T0 OBSERVATION,POST_T0,1.0,0.0,0.00048828125
evt:2023-06-16|kishoreganj|ENSEMBLE_FLOOD_20230803T120510_VV_AS020M_E039N021T3|ENSEMBLE_FLOOD_20230815T120510_VV_AS020M_E039N021T3,evt:2023-06-16,kishoreganj,2023,2023-08-03T12:05:10Z,2023-08-15T12:05:10Z,288.0,12.0,10-14 days,False,0.0,UNAVAILABLE,1.0,POST-T0 OBSERVATION,POST_T0,1.0,0.0,0.00732421875
evt:2023-06-16|netrokona|ENSEMBLE_FLOOD_20230616T120507_VV_AS020M_E039N021T3|ENSEMBLE_FLOOD_20230628T120507_VV_AS020M_E039N021T3,evt:2023-06-16,netrokona,2023,2023-06-16T12:05:07Z,2023-06-28T12:05:07Z,288.0,12.0,10-14 days,False,0.0,UNAVAILABLE,1.0,POST-T0 OBSERVATION,POST_T0,1.0,0.0,0.10791015625
evt:2023-06-16|netrokona|ENSEMBLE_FLOOD_20230628T120507_VV_AS020M_E039N021T3|ENSEMBLE_FLOOD_20230710T120508_VV_AS020M_E039N021T3,evt:2023-06-16,netrokona,2023,2023-06-28T12:05:07Z,2023-07-10T12:05:08Z,288.0002777777778,12.000011574074074,10-14 days,False,0.0,UNAVAILABLE,1.0,POST-T0 OBSERVATION,POST_T0,1.0,0.0,0.055908203125
evt:2023-06-16|netrokona|ENSEMBLE_FLOOD_20230710T120508_VV_AS020M_E039N021T3|ENSEMBLE_FLOOD_20230722T120509_VV_AS020M_E039N021T3,evt:2023-06-16,netrokona,2023,2023-07-10T12:05:08Z,2023-07-22T12:05:09Z,288.0002777777778,12.000011574074074,10-14 days,False,0.0,UNAVAILABLE,1.0,POST-T0 OBSERVATION,POST_T0,1.0,0.0,0.000244140625
evt:2023-06-16|netrokona|ENSEMBLE_FLOOD_20230722T120509_VV_AS020M_E039N021T3|ENSEMBLE_FLOOD_20230803T120510_VV_AS020M_E039N021T3,evt:2023-06-16,netrokona,2023,2023-07-22T12:05:09Z,2023-08-03T12:05:10Z,288.0002777777778,12.000011574074074,10-14 days,False,0.0,UNAVAILABLE,1.0,POST-T0 OBSERVATION,POST_T0,1.0,0.0,0.011474609375
evt:2023-06-16|netrokona|ENSEMBLE_FLOOD_20230803T120510_VV_AS020M_E039N021T3|ENSEMBLE_FLOOD_20230815T120510_VV_AS020M_E039N021T3,evt:2023-06-16,netrokona,2023,2023-08-03T12:05:10Z,2023-08-15T12:05:10Z,288.0,12.0,10-14 days,False,0.0,UNAVAILABLE,1.0,POST-T0 OBSERVATION,POST_T0,1.0,0.0,0.044921875
evt:2023-06-16|sunamganj|ENSEMBLE_FLOOD_20230616T120507_VV_AS020M_E039N021T3|ENSEMBLE_FLOOD_20230628T120507_VV_AS020M_E039N021T3,evt:2023-06-16,sunamganj,2023,2023-06-16T12:05:07Z,2023-06-28T12:05:07Z,288.0,12.0,10-14 days,False,0.0,UNAVAILABLE,1.0,POST-T0 OBSERVATION,POST_T0,0.679443359375,0.320556640625,0.2026590010779734
evt:2023-06-16|sunamganj|ENSEMBLE_FLOOD_20230628T120507_VV_AS020M_E039N021T3|ENSEMBLE_FLOOD_20230710T120508_VV_AS020M_E039N021T3,evt:2023-06-16,sunamganj,2023,2023-06-28T12:05:07Z,2023-07-10T12:05:08Z,288.0002777777778,12.000011574074074,10-14 days,False,0.0,UNAVAILABLE,1.0,POST-T0 OBSERVATION,POST_T0,0.67578125,0.32421875,0.01300578034682081
evt:2023-06-16|sunamganj|ENSEMBLE_FLOOD_20230710T120508_VV_AS020M_E039N021T3|ENSEMBLE_FLOOD_20230722T120509_VV_AS020M_E039N021T3,evt:2023-06-16,sunamganj,2023,2023-07-10T12:05:08Z,2023-07-22T12:05:09Z,288.0002777777778,12.000011574074074,10-14 days,False,0.0,UNAVAILABLE,1.0,POST-T0 OBSERVATION,POST_T0,0.67578125,0.32421875,0.001083815028901734
evt:2023-06-16|sunamganj|ENSEMBLE_FLOOD_20230722T120509_VV_AS020M_E039N021T3|ENSEMBLE_FLOOD_20230803T120510_VV_AS020M_E039N021T3,evt:2023-06-16,sunamganj,2023,2023-07-22T12:05:09Z,2023-08-03T12:05:10Z,288.0002777777778,12.000011574074074,10-14 days,False,0.0,UNAVAILABLE,1.0,POST-T0 OBSERVATION,POST_T0,0.676025390625,0.323974609375,0.013723365836041893
evt:2023-06-16|sunamganj|ENSEMBLE_FLOOD_20230803T120510_VV_AS020M_E039N021T3|ENSEMBLE_FLOOD_20230815T120510_VV_AS020M_E039N021T3,evt:2023-06-16,sunamganj,2023,2023-08-03T12:05:10Z,2023-08-15T12:05:10Z,288.0,12.0,10-14 days,False,0.0,UNAVAILABLE,1.0,POST-T0 OBSERVATION,POST_T0,0.676513671875,0.323486328125,0.003247924936845904
evt:2024-06-22|dhaka_ne|ENSEMBLE_FLOOD_20240622T120508_VV_AS020M_E039N021T3|ENSEMBLE_FLOOD_20240704T120507_VV_AS020M_E039N021T3,evt:2024-06-22,dhaka_ne,2024,2024-06-22T12:05:08Z,2024-07-04T12:05:07Z,287.9997222222222,11.999988425925926,10-14 days,False,0.0,UNAVAILABLE,1.0,POST-T0 OBSERVATION,POST_T0,0.115234375,0.884765625,0.00423728813559322
evt:2024-06-22|dhaka_ne|ENSEMBLE_FLOOD_20240704T120507_VV_AS020M_E039N021T3|ENSEMBLE_FLOOD_20240716T120507_VV_AS020M_E039N021T3,evt:2024-06-22,dhaka_ne,2024,2024-07-04T12:05:07Z,2024-07-16T12:05:07Z,288.0,12.0,10-14 days,False,0.0,UNAVAILABLE,1.0,POST-T0 OBSERVATION,POST_T0,0.115234375,0.884765625,0.0211864406779661
evt:2024-06-22|dhaka_ne|ENSEMBLE_FLOOD_20240716T120507_VV_AS020M_E039N021T3|ENSEMBLE_FLOOD_20240728T120506_VV_AS020M_E039N021T3,evt:2024-06-22,dhaka_ne,2024,2024-07-16T12:05:07Z,2024-07-28T12:05:06Z,287.9997222222222,11.999988425925926,10-14 days,False,0.0,UNAVAILABLE,1.0,POST-T0 OBSERVATION,POST_T0,0.114990234375,0.885009765625,0.0021231422505307855
evt:2024-06-22|dhaka_ne|ENSEMBLE_FLOOD_20240728T120506_VV_AS020M_E039N021T3|ENSEMBLE_FLOOD_20240809T120506_VV_AS020M_E039N021T3,evt:2024-06-22,dhaka_ne,2024,2024-07-28T12:05:06Z,2024-08-09T12:05:06Z,288.0,12.0,10-14 days,False,0.0,UNAVAILABLE,1.0,POST-T0 OBSERVATION,POST_T0,0.114990234375,0.885009765625,0.012738853503184714
evt:2024-06-22|dhaka_nw|ENSEMBLE_FLOOD_20240622T120508_VV_AS020M_E039N021T3|ENSEMBLE_FLOOD_20240704T120507_VV_AS020M_E039N021T3,evt:2024-06-22,dhaka_nw,2024,2024-06-22T12:05:08Z,2024-07-04T12:05:07Z,287.9997222222222,11.999988425925926,10-14 days,False,0.0,UNAVAILABLE,1.0,POST-T0 OBSERVATION,POST_T0,0.328369140625,0.671630859375,0.0
evt:2024-06-22|dhaka_nw|ENSEMBLE_FLOOD_20240704T120507_VV_AS020M_E039N021T3|ENSEMBLE_FLOOD_20240716T120507_VV_AS020M_E039N021T3,evt:2024-06-22,dhaka_nw,2024,2024-07-04T12:05:07Z,2024-07-16T12:05:07Z,288.0,12.0,10-14 days,False,0.0,UNAVAILABLE,1.0,POST-T0 OBSERVATION,POST_T0,0.328369140625,0.671630859375,0.005947955390334572
evt:2024-06-22|dhaka_nw|ENSEMBLE_FLOOD_20240716T120507_VV_AS020M_E039N021T3|ENSEMBLE_FLOOD_20240728T120506_VV_AS020M_E039N021T3,evt:2024-06-22,dhaka_nw,2024,2024-07-16T12:05:07Z,2024-07-28T12:05:06Z,287.9997222222222,11.999988425925926,10-14 days,False,0.0,UNAVAILABLE,1.0,POST-T0 OBSERVATION,POST_T0,0.328369140625,0.671630859375,0.0
evt:2024-06-22|dhaka_nw|ENSEMBLE_FLOOD_20240728T120506_VV_AS020M_E039N021T3|ENSEMBLE_FLOOD_20240809T120506_VV_AS020M_E039N021T3,evt:2024-06-22,dhaka_nw,2024,2024-07-28T12:05:06Z,2024-08-09T12:05:06Z,288.0,12.0,10-14 days,False,0.0,UNAVAILABLE,1.0,POST-T0 OBSERVATION,POST_T0,0.327880859375,0.672119140625,0.0
evt:2024-06-22|dhaka_se|ENSEMBLE_FLOOD_20240624T235631_VV_AS020M_E039N021T3|ENSEMBLE_FLOOD_20240811T235630_VV_AS020M_E039N021T3,evt:2024-06-22,dhaka_se,2024,2024-06-24T23:56:31Z,2024-08-11T23:56:30Z,1151.9997222222223,47.99998842592593,21+ days,False,0.0,UNAVAILABLE,1.0,POST-T0 OBSERVATION,POST_T0,0.5654296875,0.4345703125,0.0012953367875647669
evt:2024-06-22|dhaka_sw|ENSEMBLE_FLOOD_20240624T235631_VV_AS020M_E039N021T3|ENSEMBLE_FLOOD_20240811T235630_VV_AS020M_E039N021T3,evt:2024-06-22,dhaka_sw,2024,2024-06-24T23:56:31Z,2024-08-11T23:56:30Z,1151.9997222222223,47.99998842592593,21+ days,False,0.0,UNAVAILABLE,1.0,POST-T0 OBSERVATION,POST_T0,0.69580078125,0.30419921875,0.009824561403508772
evt:2024-06-22|kishoreganj|ENSEMBLE_FLOOD_20240622T120508_VV_AS020M_E039N021T3|ENSEMBLE_FLOOD_20240704T120507_VV_AS020M_E039N021T3,evt:2024-06-22,kishoreganj,2024,2024-06-22T12:05:08Z,2024-07-04T12:05:07Z,287.9997222222222,11.999988425925926,10-14 days,False,0.0,UNAVAILABLE,1.0,POST-T0 OBSERVATION,POST_T0,1.0,0.0,0.012451171875
evt:2024-06-22|kishoreganj|ENSEMBLE_FLOOD_20240704T120507_VV_AS020M_E039N021T3|ENSEMBLE_FLOOD_20240716T120507_VV_AS020M_E039N021T3,evt:2024-06-22,kishoreganj,2024,2024-07-04T12:05:07Z,2024-07-16T12:05:07Z,288.0,12.0,10-14 days,False,0.0,UNAVAILABLE,1.0,POST-T0 OBSERVATION,POST_T0,1.0,0.0,0.00146484375
evt:2024-06-22|kishoreganj|ENSEMBLE_FLOOD_20240716T120507_VV_AS020M_E039N021T3|ENSEMBLE_FLOOD_20240728T120506_VV_AS020M_E039N021T3,evt:2024-06-22,kishoreganj,2024,2024-07-16T12:05:07Z,2024-07-28T12:05:06Z,287.9997222222222,11.999988425925926,10-14 days,False,0.0,UNAVAILABLE,1.0,POST-T0 OBSERVATION,POST_T0,1.0,0.0,0.000244140625
evt:2024-06-22|kishoreganj|ENSEMBLE_FLOOD_20240728T120506_VV_AS020M_E039N021T3|ENSEMBLE_FLOOD_20240809T120506_VV_AS020M_E039N021T3,evt:2024-06-22,kishoreganj,2024,2024-07-28T12:05:06Z,2024-08-09T12:05:06Z,288.0,12.0,10-14 days,False,0.0,UNAVAILABLE,1.0,POST-T0 OBSERVATION,POST_T0,1.0,0.0,0.0029296875
evt:2024-06-22|netrokona|ENSEMBLE_FLOOD_20240622T120508_VV_AS020M_E039N021T3|ENSEMBLE_FLOOD_20240704T120507_VV_AS020M_E039N021T3,evt:2024-06-22,netrokona,2024,2024-06-22T12:05:08Z,2024-07-04T12:05:07Z,287.9997222222222,11.999988425925926,10-14 days,False,0.0,UNAVAILABLE,1.0,POST-T0 OBSERVATION,POST_T0,1.0,0.0,0.00341796875
evt:2024-06-22|netrokona|ENSEMBLE_FLOOD_20240704T120507_VV_AS020M_E039N021T3|ENSEMBLE_FLOOD_20240716T120507_VV_AS020M_E039N021T3,evt:2024-06-22,netrokona,2024,2024-07-04T12:05:07Z,2024-07-16T12:05:07Z,288.0,12.0,10-14 days,False,0.0,UNAVAILABLE,1.0,POST-T0 OBSERVATION,POST_T0,1.0,0.0,0.000732421875
evt:2024-06-22|netrokona|ENSEMBLE_FLOOD_20240716T120507_VV_AS020M_E039N021T3|ENSEMBLE_FLOOD_20240728T120506_VV_AS020M_E039N021T3,evt:2024-06-22,netrokona,2024,2024-07-16T12:05:07Z,2024-07-28T12:05:06Z,287.9997222222222,11.999988425925926,10-14 days,False,0.0,UNAVAILABLE,1.0,POST-T0 OBSERVATION,POST_T0,1.0,0.0,0.0
evt:2024-06-22|netrokona|ENSEMBLE_FLOOD_20240728T120506_VV_AS020M_E039N021T3|ENSEMBLE_FLOOD_20240809T120506_VV_AS020M_E039N021T3,evt:2024-06-22,netrokona,2024,2024-07-28T12:05:06Z,2024-08-09T12:05:06Z,288.0,12.0,10-14 days,False,0.0,UNAVAILABLE,1.0,POST-T0 OBSERVATION,POST_T0,1.0,0.0,0.019775390625
evt:2024-06-22|sunamganj|ENSEMBLE_FLOOD_20240622T120508_VV_AS020M_E039N021T3|ENSEMBLE_FLOOD_20240704T120507_VV_AS020M_E039N021T3,evt:2024-06-22,sunamganj,2024,2024-06-22T12:05:08Z,2024-07-04T12:05:07Z,287.9997222222222,11.999988425925926,10-14 days,False,0.0,UNAVAILABLE,1.0,POST-T0 OBSERVATION,POST_T0,0.685791015625,0.314208984375,0.000355998576005696
evt:2024-06-22|sunamganj|ENSEMBLE_FLOOD_20240704T120507_VV_AS020M_E039N021T3|ENSEMBLE_FLOOD_20240716T120507_VV_AS020M_E039N021T3,evt:2024-06-22,sunamganj,2024,2024-07-04T12:05:07Z,2024-07-16T12:05:07Z,288.0,12.0,10-14 days,False,0.0,UNAVAILABLE,1.0,POST-T0 OBSERVATION,POST_T0,0.684326171875,0.315673828125,0.006064930431680342
evt:2024-06-22|sunamganj|ENSEMBLE_FLOOD_20240716T120507_VV_AS020M_E039N021T3|ENSEMBLE_FLOOD_20240728T120506_VV_AS020M_E039N021T3,evt:2024-06-22,sunamganj,2024,2024-07-16T12:05:07Z,2024-07-28T12:05:06Z,287.9997222222222,11.999988425925926,10-14 days,False,0.0,UNAVAILABLE,1.0,POST-T0 OBSERVATION,POST_T0,0.684326171875,0.315673828125,0.0
evt:2024-06-22|sunamganj|ENSEMBLE_FLOOD_20240728T120506_VV_AS020M_E039N021T3|ENSEMBLE_FLOOD_20240809T120506_VV_AS020M_E039N021T3,evt:2024-06-22,sunamganj,2024,2024-07-28T12:05:06Z,2024-08-09T12:05:06Z,288.0,12.0,10-14 days,False,0.0,UNAVAILABLE,1.0,POST-T0 OBSERVATION,POST_T0,0.68310546875,0.31689453125,0.02037169406719085
